nombre;costo;stock;stock_minimo;descripcion;type_insumo_id;precio;;;;;
LITRO LIQUIDO DE FRENOS ATE DOT 3;45;20;1;;1;75;;;;;
LITRO LIQUIDO DE FRENOS ATE DOT 4;54;21;1;;1;90;;;;;
LITRO MOTUL 10W30 (BARRIL);42;3;1;;1;70;;;;;
LITRO CASTROL VECTON 10W30 SINTETICO (BARRIL);51;2;1;;1;85;;;;;
GARRAFA REFRIGERANTE MOTUL;165;6;1;;1;275;;;;;
LITRO REFRIGERANTE MOTUL;36;19;1;;1;60;;;;;
GARRAFA EUROL CVT;300;9;1;;1;500;;;;;
LITRO EUROL CVT;66;26;1;;1;110;;;;;
FILTRO CAJA AUTOMATICA FT 31726-28X0A;45;3;1;;2;75;;;;;
FILTRO CAJA AUTOMATICA FT A006 / 2824A025;45;2;1;;2;75;;;;;
FILTRO CAJA AUTOMATICA FT 31728-28X0A;105;6;1;;2;175;;;;;
FILTRO ACEITE OE 649/8;51;2;1;;2;85;;;;;
FILTRO ACEITE WL 10089;75;2;1;;2;125;;;;;
FILTRO ACEITE OE 649/6;75;3;1;;2;125;;;;;
FILTRO ACEITE TOYOTA 15601-B2030;105;4;1;;2;175;;;;;
FILTRO ACEITE 26350-2J000;60;6;1;;2;100;;;;;
FILTRO ACEITE 0X1274D;60;3;1;;2;100;;;;;
FILTRO ACEITE SH40X20136;60;7;1;;2;100;;;;;
FILTRO AIRE 17801-25020;51;4;1;;3;85;;;;;
FILTRO AIRE 17801-77050;36;3;1;;3;60;;;;;
FILTRO AIRE 17801-OP100 / CA 11895;45;2;1;;3;75;;;;;
FILTRO AIRE C-35154;69;4;1;;3;115;;;;;
FILTRO AIRE 28113-2W100;36;6;1;;3;60;;;;;
FILTRO AIRE 28113-L1000;48;10;1;;3;80;;;;;
BATERIA AUTOCRAFT 42P-500;435;4;1;;5;725;;;;;
BATERIA AUTOCRAFT 34/78 MF ;555;3;1;;5;925;;;;;
BATERIA AUTOCRAFT 24RP-530;450;2;1;;5;750;;;;;
BATERIA AUTOCRAFT 27P-700;540;4;1;;5;900;;;;;
BATERIA AUTOCRAFT 27RP-675;555;5;1;;5;925;;;;;
BATERIA AUTOCRAFT 51RP-500;435;6;1;;5;725;;;;;
BATERIA AUTOCRAFT 24P-530;450;7;1;;5;750;;;;;
GARRAFA VALVOLINE MAX LIFE 10W40 (5 LITROS);240;4;1;;1;400;;;;;
LITRO VALVOLINE MAX LIFE 10W40;60;11;1;;1;100;;;;;
LITRO MOTUL TEKMA MEGA X 15W40 (BARRIL);39;2;1;;1;65;;;;;
LITRO CASTROL VECTON 15W40 SINTETICO (BARRIL);45;2;1;;1;75;;;;;
FILTRO AIRE PAB 12050;66;9;1;;3;110;;;;;
GARRAFA QUAKER 20W50 (5 LITROS);171;25;1;;1;285;;;;;
GARRAFA QUAKER 10W40 (5 LITROS);198;31;1;;1;330;;;;;
GALÓN QUAKER 15W40;177;20;1;;1;295;;;;;
GARRAFA QUAKER SINTETICO 0W20 (5 LITROS);300;10;1;;1;500;;;;;
GARRAFA QUAKER SINTETICO 5W20 (5 LITROS);300;10;1;;1;500;;;;;
GARRAFA QUAKER SINTETICO 5W30 (5 LITROS);300;10;1;;1;500;;;;;
GARRAFA QUAKER SINTETICO 10W30 (5 LITROS);231;10;1;;1;385;;;;;
GARRAFA CASTROL GTX 20W20 (5 LITROS);195;10;1;;1;325;;;;;
GALÓN CASTROL GTX 20W50 ;171;35;1;;1;285;;;;;
GARRAFA CASTROL MAGNATEC 20W50 (5 LITROS);246;10;1;;1;410;;;;;
GALÓN CASTROL MAGNATEC 20W50;207;75;1;;1;345;;;;;
GALÓN CASTROL MAGNATEC 10W40;207;34;1;;1;345;;;;;
GARRAFA CASTROL MAGNATEC 10W30 (5 LITROS);246;10;1;;1;410;;;;;
GALÓN CASTROL MAGNATEC 10W30;207;3;1;;1;345;;;;;
GALÓN CASTROL CRB 15W40;171;27;1;;1;285;;;;;
GALÓN CASTROL VECTON 15W40;246;86;1;;1;410;;;;;
GALÓN CASTROL CRB 25W60;177;46;1;;1;295;;;;;
GARRAFA MOTUL 20W50 (5 LITROS);207;10;1;;1;345;;;;;
GALÓN MOTUL 20W50;189;45;1;;1;315;;;;;
GARRAFA MOTUL TEKMA MEGA X 15W40 (5 LITROS);225;10;1;;1;375;;;;;
GARRAFA MOTUL 5W40 (5 LITROS);339;10;1;;1;565;;;;;
GALÓN MOTUL 10W30;195;22;1;;1;325;;;;;
GARRAFA EUROL 15W40 (6 LITROS);207;10;1;;1;345;;;;;
GARRAFA EUROL 20W50 (5 LITROS);180;10;1;;1;300;;;;;
GALÓN EUROL 10W40;180;21;1;;1;300;;;;;
GARRAFA EUROL 10W30 (5 LITROS);180;10;1;;1;300;;;;;
GARRAFA VALVOLINE 20W50 (5 LITROS);174;10;1;;1;290;;;;;
GALÓN VALVOLINE 20W50;141;19;1;;1;235;;;;;
GALÓN VALVOLINE 10W30;159;11;1;;1;265;;;;;
GALÓN VALVOLINE 15W40;171;10;1;;1;285;;;;;
GARRAFA VALVOLINE MAX LIFE 20W50 (5 LITROS);240;10;1;;1;400;;;;;
GARRAFA VALVOLINE MAX LIFE 10W30 (5 LITROS);240;10;1;;1;400;;;;;
GARRAFA VALVOLINE MAX LIFE 5W30 (5 LITROS);240;10;1;;1;400;;;;;
GARRAFA VALVOLINE MAX LIFE 5W20 (5 LITROS);240;10;1;;1;400;;;;;
GARRAFA VALVOLINE SYNPOWER 0W20 (5 LITRO);348;10;1;;1;580;;;;;
GARRAFA VALVOLINE SYNPOWER 5W20 (5 LITROS);348;10;1;;1;580;;;;;
GARRAFA VALVOLINE SYNPOWER 5W30 (5 LITROS);348;10;1;;1;580;;;;;
GARRAFA VALVOLINE SYNPOWER 10W30 (5 LITROS);348;10;1;;1;580;;;;;
GALON VALVOLINE SINTETICO 5W40 ;294;26;1;;1;490;;;;;
GALON VALVOLINE MAX LIFE ATF ;213;30;1;;1;355;;;;;
GALÓN VALVOLINE 80W90 GL5;189;8;1;;1;315;;;;;
GALÓN DELO 15W40;180;6;1;;1;300;;;;;
GALÓN SHELL HELIX 20W50;120;36;1;;1;200;;;;;
GALÓN SHELL HELIX 40;108;25;1;;1;180;;;;;
GALÓN SHELL RIMULA 15W40;129;45;1;;1;215;;;;;
GARRAFA HAVOLINE 20W50 (5 LITROS);162;10;1;;1;270;;;;;
GALÓN HAVOLINE 20W50;144;28;1;;1;240;;;;;
GARRAFA SUPREME 20W50 (5 LITROS);153;10;1;;1;255;;;;;
GALÓN AMERICAN ND 40;60;15;1;;1;100;;;;;
GALÓN CASTROL TRANSMAX ATF MULTIVEHICULO;198;13;1;;1;330;;;;;
GALÓN KENDALL VERSATRANS CVT PLUS;195;11;1;;1;325;;;;;
LITRO QUAKER 20W50;42;10;1;;1;70;;;;;
LITRO QUAKER 15W40;49;10;1;;1;82;;;;;
LITRO QUAKER 10W40;48;10;1;;1;80;;;;;
LITRO QUAKER SINTETICO 0W20;69;10;1;;1;115;;;;;
LITRO QUAKER SINTETICO 5W20;69;10;1;;1;115;;;;;
LITRO QUAKER SINTETICO 5W30;69;10;1;;1;115;;;;;
LITRO QUAKER SINTETICO 10W30;69;10;1;;1;115;;;;;
LITRO QUAKER ATF;36;10;1;;1;60;;;;;
LITRO QUAKER ATF MULTIVEHICULO ;36;10;1;;1;60;;;;;
LITRO CASTROL GTX 20W50;45;10;1;;1;75;;;;;
LITRO CASTROL MAGNATEC 20W50;60;10;1;;1;100;;;;;
LITRO CASTROL MAGNATEC 10W40;60;10;1;;1;100;;;;;
LITRO CASTROL MAGNATEC 10W30;60;10;1;;1;100;;;;;
LITRO CASTROL EDGE 0W20;78;10;1;;1;130;;;;;
LITRO CASTROL CRB 15W40;46;10;1;;1;76;;;;;
LITRO CASTROL VECTON 15W40;72;10;1;;1;120;;;;;
LITRO CASTROL CRB 25W60;48;10;1;;1;80;;;;;
LITRO CASTROL CVT;57;10;1;;1;95;;;;;
LITRO CASTROL ATF MULTIVEHICULO;57;10;1;;1;95;;;;;
LITRO CASTROL 20W50 4T;57;10;1;;1;95;;;;;
LITRO MOTUL 20W50;48;10;1;;1;80;;;;;
LITRO MOTUL TEKMA MEGA X 15W40;48;10;1;;1;80;;;;;
LITRO MOTUL 20W50 4T;54;10;1;;1;90;;;;;
LITRO MOTUL 5W40;78;10;1;;1;130;;;;;
LITRO MOTUL 10W30;51;10;1;;1;85;;;;;
LITRO EUROL 20W50;45;10;1;;1;75;;;;;
LITRO EUROL 15W40;45;10;1;;1;75;;;;;
LITRO EUROL 10W40;45;10;1;;1;75;;;;;
LITRO EUROL 10W30;45;10;1;;1;75;;;;;
LITRO VALVOLINE 20W50;42;10;1;;1;70;;;;;
LITRO VALVOLINE 15W40;42;10;1;;1;70;;;;;
LITRO VALVOLINE MAX LIFE 20W50;60;10;1;;1;100;;;;;
LITRO VALVOLINE MAX LIFE 10W30;60;10;1;;1;100;;;;;
LITRO VALVOLINE MAX LIFE 5W30;60;10;1;;1;100;;;;;
LITRO VALVOLINE MAX LIFE 5W20;60;10;1;;1;100;;;;;
LITRO VALVOLINE SYNPOWER 0W20;93;10;1;;1;155;;;;;
LITRO VALVOLINE SYNPOWER 5W20;93;10;1;;1;155;;;;;
LITRO VALVOLINE SYNPOWER 5W30;93;10;1;;1;155;;;;;
LITRO VALVOLINE SYNPOWER 10W30;93;10;1;;1;155;;;;;
LITRO VALVOLINE MAX LIFE ATF;63;10;1;;1;105;;;;;
LITRO VALVOLINE SINTETICO 75W90 GL5;123;10;1;;1;205;;;;;
LITRO VALVOLINE MTF SYNCHROMESH;78;10;1;;1;130;;;;;
LITRO VALVOLINE 75W90 GL5;93;10;1;;1;155;;;;;
LITRO VALVOLINE 80W90 GL5;63;10;1;;1;105;;;;;
LITRO DELO 15W40;45;10;1;;1;75;;;;;
LITRO SHELL HELIX 20W50;36;10;1;;1;60;;;;;
LITRO SHELL HELIX 40;30;10;1;;1;50;;;;;
LITRO SHELL RIMULA 15W40;36;10;1;;1;60;;;;;
LITRO HAVOLINE 20W50;36;10;1;;1;60;;;;;
LITRO HAVOLINE 20W50 4T;39;10;1;;1;65;;;;;
LITRO HAVOLINE 2T;39;10;1;;1;65;;;;;
LITRO SUPREME 20W50;39;10;1;;1;65;;;;;
LITRO KENDALL 20W50 4T;36;10;1;;1;60;;;;;
LITRO KENDALL VERSATRANS;42;10;1;;1;70;;;;;
LITRO KENDALL DEXRON VI;48;10;1;;1;80;;;;;
LITRO SUPER S 85W140;42;10;1;;1;70;;;;;
LITRO SUPER S 80W90;42;10;1;;1;70;;;;;
LITRO ABRO ATF MULTIVEHICULO;36;10;1;;1;60;;;;;
LITRO VALVOLINE SINTETICO DCT;93;10;1;;1;155;;;;;
LITRO KENDALL VERSATRANS CVT PLUS;57;10;1;;1;95;;;;;
FILTRO ACEITE PH 8A / 51515 / TL30001 ;30;6;1;;2;50;;;;;
FILTRO ACEITE PH 24;39;8;1;;2;65;;;;;
FILTRO ACEITE PH 44 / 51042;45;9;1;;2;75;;;;;
FILTRO ACEITE PH 47 / 51040 / PH 3387A / TL 10111;30;10;1;;2;50;;;;;
FILTRO ACEITE PH 51 / 51036 / PH 3980 / TL 20173;30;15;1;;2;50;;;;;
FILTRO ACEITE PH 59 / 51522;45;2;1;;2;75;;;;;
FILTRO ACEITE PH 253 / PH16 / 51085;36;4;1;;2;60;;;;;
FILTRO ACEITE PH 400 / 51516 / PH3300;33;7;1;;2;55;;;;;
FILTRO ACEITE PH 500 / 57502 / MGL57502;42;11;1;;2;70;;;;;
FILTRO ACEITE PH 561 / 51342 / PH 2870 / TL 20252;30;3;1;;2;50;;;;;
FILTRO ACEITE PH 820 / 51372 / PH2 / TL 24651;45;5;1;;2;75;;;;;
FILTRO PH 1218;30;7;1;;2;50;;;;;
FILTRO ACEITE  PH 2801 / 51626;45;6;1;;2;75;;;;;
FILTRO ACEITE PH 2808 / 51334 / PH 3593A / PH 9688 / TL 14459;30;3;1;;2;50;;;;;
FILTRO ACEITE PH 2816;45;3;1;;2;75;;;;;
FILTRO ACEITE PH 2835 / 51348 / PH3614 / TL 10241;30;8;1;;2;50;;;;;
FILTRO ACEITE PH 2840 / 51394 / PH4967 / TL 14476;30;3;1;;2;50;;;;;
FILTRO ACEITE PH 2863B;54;3;1;;2;90;;;;;
FILTRO ACEITE PH 2867 / 51356 / PH7317 / TL 14610;30;3;1;;2;50;;;;;
FILTRO ACEITE PH 2876 / 51365 / PH 6607 / TL 14612;30;3;1;;2;50;;;;;
FILTRO ACEITE PH 2903;45;3;1;;2;75;;;;;
FILTRO ACEITE PH 4403 / 51806;51;5;1;;2;85;;;;;
FILTRO ACEITE PH 48 / 57060 / 10060;51;6;1;;2;85;;;;;
FILTRO ACEITE PLBS 060 / PLB 11462 / OP 564-1;48;3;1;;2;80;;;;;
FILTRO ACEITE WL 10290;45;9;1;;2;75;;;;;
FILTRO ACEITE WL 10286;84;3;1;;2;140;;;;;
FILTRO ACEITE 51521 / PH 2820A / PH 2861B;42;5;1;;2;70;;;;;
FILTRO ACEITE AA 121006;9;2;1;;2;15;;;;;
FILTRO ACEITE 26310-27200 / PSL 562;42;1;1;;2;70;;;;;
FILTRO ACEITE 26310-27420;42;3;1;;2;70;;;;;
FILTRO ACEITE FF-OE674/6 / WL 7478;48;3;1;;2;80;;;;;
FILTRO ACEITE PCBS 026 / ML 9540 / 15209-2W200;36;3;1;;2;60;;;;;
FILTRO ACEITE P 967 / OE 685/1 / CH 9972;39;3;1;;2;65;;;;;
FILTRO ACEITE P 980 / OE 685/2 / PCB 10358;39;5;1;;2;65;;;;;
FILTRO ACEITE PCB 9641 / OE 665/2;36;10;1;;2;60;;;;;
FILTRO ACEITE WL 10164 / CH 10855;66;5;1;;2;110;;;;;
FILTRO DIESEL PP 838/4;129;4;1;;4;215;;;;;
FILTRO ACEITE FF-OE 649/9/ CH 10075;54;3;1;;2;90;;;;;
FILTRO ACEITE 57082  / FF-OE648-3 / CH 9018;39;5;1;;2;65;;;;;
FILTRO ACEITE WL 7508 / FF-OE665-3;51;7;1;;2;85;;;;;
FILTRO DIESEL ABRO 16403-4KV0A;66;5;1;;4;110;;;;;
FILTRO ACEITE 57674 / FF-OE648-6 / 10246;45;8;1;;2;75;;;;;
FILTRO DIESEL FF-PS 985/5 ;138;6;1;;4;230;;;;;
FILTRO ACEITE 57173;60;6;1;;2;100;;;;;
FILTRO ACEITE HK 307 / 1109R6;42;5;1;;2;70;;;;;
FILTRO ACEITE WL 10010;48;4;1;;2;80;;;;;
FILTRO ACEITE P 837;81;3;1;;2;135;;;;;
FILTRO ACEITE 57061;51;3;1;;2;85;;;;;
FILTRO ACEITE LP 2017;75;4;1;;2;125;;;;;
FILTRO ACEITE  51223 / CH 8081;75;8;1;;2;125;;;;;
FILTRO DIESEL MB 433425;60;6;1;;4;100;;;;;
FILTRO ACEITE LFP 784;57;9;1;;2;95;;;;;
FILTRO ACEITE FILTRON FF-OE 688;60;3;1;;2;100;;;;;
FILTRO ACEITE FF-OE 640;48;3;1;;2;80;;;;;
FILTRO DIESEL 33585;69;1;1;;4;115;;;;;
FILTRO ACEITE 57182;84;3;1;;2;140;;;;;
FILTRO ACEITE 57078;54;3;1;;2;90;;;;;
FILTRO ACEITE PCB 9973;39;3;1;;2;65;;;;;
FILTRO ACEITE PLBS 6076;48;3;1;;2;80;;;;;
FILTRO PB 50;42;8;1;;2;70;;;;;
FILTRO ACEITE LFP 734;90;3;1;;2;150;;;;;
FILTRO ACEITE LFP 805 / 10031;48;2;1;;2;80;;;;;
FILTRO ACEITE LFP 3307;81;4;1;;2;135;;;;;
FILTRO ACEITE LFP 947;117;5;1;;2;195;;;;;
FILTRO ACEITE LFP 5010;90;5;1;;2;150;;;;;
FILTRO ACEITE LFP 5971;45;6;1;;2;75;;;;;
FILTRO DIESEL LFF 8932;66;6;1;;4;110;;;;;
FILTRO DIESEL LFF 8933;60;5;1;;4;100;;;;;
FILTRO ACEITE LFP 5127;90;3;1;;2;150;;;;;
FILTRO DIESEL G 2920;66;10;1;;4;110;;;;;
FILTRO DIESEL FP 941F;66;4;1;;4;110;;;;;
FILTRO DIESEL 23390-OL010 / PFBS041;66;6;1;;4;110;;;;;
FILTRO DIESEL 23390-OL070;60;7;1;;4;100;;;;;
FILTRO DIESEL FF-PP 979/3;96;6;1;;4;160;;;;;
FILTRO DIESEL FF-PP 979/4;132;5;1;;4;220;;;;;
FILTRO DIESEL FF-PP 979/2;120;4;1;;4;200;;;;;
FILTRO DIESEL 23390-OL050;66;4;1;;4;110;;;;;
FILTRO ACEITE 8-97358720-0 / PLBS 059 / WL 10087;48;5;1;;2;80;;;;;
FILTRO ACEITE 8-97309927-0 / 51361;42;5;1;;2;70;;;;;
FILTRO ACEITE ISUZU 8-98165071-0;90;5;1;;2;150;;;;;
FILTRO DIESEL ISUZU  8-98159693-0 ;219;6;1;;4;365;;;;;
FILTRO DIESEL TAMPA DE AGUA ISUZU 5-87615024-0;180;7;1;;4;300;;;;;
FILTRO DIESEL 10225;96;4;1;;4;160;;;;;
FILTRO DIESEL FP 570F / 33395;66;3;1;;4;110;;;;;
FILTRO DIESEL FP 587F;66;5;1;;4;110;;;;;
FILTRO DIESEL FP 588F / 33386;60;6;1;;4;100;;;;;
FILTRO ACEITE 57186;39;5;1;;2;65;;;;;
FILTRO ACEITE 57041;51;5;1;;2;85;;;;;
FILTRO ACEITE LFP 2286;87;3;1;;2;145;;;;;
FILTRO ACEITE CON BASE LF 2016 / 57312;108;2;1;;2;180;;;;;
FILTRO ACEITE OM 653;54;2;1;;2;90;;;;;
FILTRO ACEITE 57302;57;2;1;;2;95;;;;;
FILTRO ACEITE FF-OE 650/8;78;24;1;;2;130;;;;;
FILTRO ACEITE CH 10855;48;3;1;;2;80;;;;;
FILTRO ACEITE ISUZU 8-973299110;129;3;1;;2;215;;;;;
FILTRO DIESEL 5-876100110;60;7;1;;4;100;;;;;
FILTRO ACEITE OE 0672;45;8;1;;2;75;;;;;
FILTRO GASOLINA 23300-35030 / 23300-39035;36;3;1;;4;60;;;;;
FILTRO GASOLINA 23300-65010;36;3;1;;4;60;;;;;
FILTRO GASOLINA 23300-31100;42;4;1;;4;70;;;;;
FILTRO GASOLINA OK08A-20-490A;36;5;1;;4;60;;;;;
FILTRO ACEITE LFP 5969;120;3;1;;2;200;;;;;
FILTRO ACEITE 5266016;78;8;1;;2;130;;;;;
FILTRO ACEITE OE 662/1;51;6;1;;2;85;;;;;
FILTRO ACEITE OE 671/4;45;5;1;;2;75;;;;;
FILTRO ACEITE OE 671/3;51;3;1;;2;85;;;;;
FILTRO AIRE 17801-OS010 / PAB 10343;60;8;1;;3;100;;;;;
FILTRO AIRE 17801-11080 / CA 7167;36;7;1;;3;60;;;;;
FILTRO AIRE 17801-OC040 / PAB 10163;48;6;1;;3;80;;;;;
FILTRO AIRE 17801-07010 / PAB 8636 / CA 8918;45;5;1;;3;75;;;;;
FILTRO AIRE CA 10169 / 17801-AD010;39;4;1;;3;65;;;;;
FILTRO AIRE CA 10677;45;3;1;;3;75;;;;;
FILTRO AIRE 17801-70020/ PAB 4939;36;2;1;;3;60;;;;;
FILTRO AIRE 17801-70010 / CA 4830;36;1;1;;3;60;;;;;
FILTRO AIRE 17801-21050;36;2;1;;3;60;;;;;
FILTRO AIRE 17801-22020;36;3;1;;3;60;;;;;
FILTRO AIRE 17801-OY040 / PABS 566;42;4;1;;3;70;;;;;
FILTRO AIRE 17801-28010;42;5;1;;3;70;;;;;
FILTRO AIRE 17801-21030;36;6;1;;3;60;;;;;
FILTRO AIRE 17801-70050;36;7;1;;3;60;;;;;
FILTRO AIRE 17801-31090/ CA 9683;48;8;1;;3;80;;;;;
FILTRO AIRE 17801-15070;36;9;1;;3;60;;;;;
FILTRO AIRE 17801-35020;36;10;1;;3;60;;;;;
FILTRO AIRE 17801-46060;42;11;1;;3;70;;;;;
FILTRO AIRE 17801-16030/ CA 6395;36;23;1;;3;60;;;;;
FILTRO AIRE 17801-OC010;57;4;1;;3;95;;;;;
FILTRO AIRE 17801-38051 / 17801-OL040;57;2;1;;3;95;;;;;
FILTRO AIRE 17801-30050;51;6;1;;3;85;;;;;
FILTRO AIRE 17801-54100;42;7;1;;3;70;;;;;
FILTRO AIRE 17801-30070;45;8;1;;3;75;;;;;
FILTRO AIRE 14801-41050 / CA 2719;36;5;1;;3;60;;;;;
FILTRO AIRE 17801-54180;5;4;1;;3;8;;;;;
FILTRO AIRE 17801-61030;51;6;1;;3;85;;;;;
FILTRO AIRE 17801-67060/ PABS 070;60;8;1;;3;100;;;;;
FILTRO AIRE 17801-54170;48;9;1;;3;80;;;;;
FILTRO AIRE 17801-31160;54;6;1;;3;90;;;;;
FILTRO AIRE CA 4309 / 16546-V0100;36;6;1;;3;60;;;;;
FILTRO AIRE PAB 6850 / 16546-86G00;45;4;1;;3;75;;;;;
FILTRO AIRE 16546-2S600;39;3;1;;3;65;;;;;
FILTRO AIRE 16546-9S001 / PABS 146;48;2;1;;3;80;;;;;
FILTRO AIRE 16546-EB70A / PABS 200 / CA 12004;51;4;1;;3;85;;;;;
FILTRO AIRE CA 10234 / PAB 10234 / 16546-ED000;42;6;1;;3;70;;;;;
FILTRO AIRE CA 10696/ PABS 2253;72;7;1;;3;120;;;;;
FILTRO AIRE CA 8922 / RFZA-13Z40;36;8;1;;3;60;;;;;
FILTRO AIRE PAB 9669/ AJ57-13Z40;45;5;1;;3;75;;;;;
FILTRO AIRE LF50-13Z40;42;5;1;;3;70;;;;;
FILTRO AIRE CA 11259;45;5;1;;3;75;;;;;
FILTRO AIRE ZJ01-13Z40;39;5;1;;3;65;;;;;
FILTRO AIRE B595-13Z40;36;3;1;;3;60;;;;;
FILTRO AIRE WL81-13Z40;42;5;1;;3;70;;;;;
FILTRO AIRE WL31-13Z40;45;5;1;;3;75;;;;;
FILTRO AIRE PAB 2262 / PABS 2254;75;5;1;;3;125;;;;;
FILTRO AIRE F511-13Z40/ CA 7426;39;6;1;;3;65;;;;;
FILTRO AIRE CA 7142 / MD 620472;36;5;1;;3;60;;;;;
FILTRO AIRE ME 17242;51;5;1;;3;85;;;;;
FILTRO AIRE MR 404847/ PAB 9367;51;4;1;;3;85;;;;;
FILTRO AIRE MD 620737/ CA 7630;36;4;1;;3;60;;;;;
FILTRO AIRE MR 188657 / CA 8208;39;4;1;;3;65;;;;;
FILTRO AIRE CA 10497;48;7;1;;3;80;;;;;
FILTRO AIRE MR 968274 / CA 10910;48;3;1;;3;80;;;;;
FILTRO AIRE 28113-IY100;36;3;1;;3;60;;;;;
FILTRO AIRE 17801-31130 / 1500A608 / CA 10755 / 49430;60;9;1;;3;100;;;;;
FILTRO AIRE 17801-54080 / MD 620563;48;8;1;;3;80;;;;;
FILTRO AIRE 8-97251944-0 / PABS 168 / 1500A098;42;10;1;;3;70;;;;;
FILTRO AIRE MD 603446;45;9;1;;3;75;;;;;
FILTRO AIRE OK6B-23603 / PABS 107;54;8;1;;3;90;;;;;
FILTRO AIRE 28113-4A001 / PABS 039;51;11;1;;3;85;;;;;
FILTRO AIRE 17801-0W010 / CA 7417;36;3;1;;3;60;;;;;
FILTRO AIRE PABS 076 / 8-97941655-0;48;4;1;;3;80;;;;;
FILTRO AIRE ISUZU 8-98140266-0;201;5;1;;3;335;;;;;
FILTRO AIRE PABS 2252;75;5;1;;3;125;;;;;
FILTRO AIRE 28113-3E000 / CA 9525;39;4;1;;3;65;;;;;
FILTRO AIRE 28113-2P300;48;3;1;;3;80;;;;;
FILTRO AIRE PAB 5070;108;3;1;;3;180;;;;;
FILTRO AIRE 10233;180;3;1;;3;300;;;;;
FILTRO AIRE 46506;201;4;1;;3;335;;;;;
FILTRO AIRE PABS 2203;42;4;1;;3;70;;;;;
FILTRO AIRE PABS 023;42;5;1;;3;70;;;;;
FILTRO AIRE  81032129-K;39;6;1;;3;65;;;;;
FILTRO AIRE PAB 11206 / 28113-IR100;51;6;1;;3;85;;;;;
FILTRO AIRE PAB 10699;42;7;1;;3;70;;;;;
FILTRO AIRE PABS 2269 / 16546-4JMIA;51;7;1;;3;85;;;;;
FILTRO AIRE CA 6900;42;3;1;;3;70;;;;;
FILTRO AIRE PAB 10346;51;2;1;;3;85;;;;;
FILTRO AIRE PAB 10543;51;2;1;;3;85;;;;;
FILTRO AIRE 13780-5B000 / CA 7617;33;2;1;;3;55;;;;;
FILTRO AIRE CA 8817;36;1;1;;3;60;;;;;
FILTRO AIRE CA 9441/ 28113-26000;39;2;1;;3;65;;;;;
FILTRO AIRE 28113-2B000 / PAB 10539;48;3;1;;3;80;;;;;
FILTRO AIRE CA 9902;36;3;1;;3;60;;;;;
FILTRO AIRE 28113-4F001;51;4;1;;3;85;;;;;
FILTRO AIRE CA 8121;39;6;1;;3;65;;;;;
FILTRO CA 8121B / CA 10086;39;5;1;;3;65;;;;;
FILTRO AIRE CA 10088 / 28113-IG000;39;5;1;;3;65;;;;;
FILTRO AIRE CA 8243;36;5;1;;3;60;;;;;
FILTRO AIRE PAB 8039;45;5;1;;3;75;;;;;
FILTRO AIRE CA 9392 / 28113-2D000;36;7;1;;3;60;;;;;
FILTRO AIRE CA 7764;39;6;1;;3;65;;;;;
FILTRO AIRE CA 7421;36;6;1;;3;60;;;;;
FILTRO AIRE CA 3901;36;7;1;;3;60;;;;;
FILTRO AIRE CA 3998 / LA 2065;36;8;1;;3;60;;;;;
FILTRO AIRE 28113-H1915;39;8;1;;3;65;;;;;
FILTRO AIRE 13780-77E00 / PAB 8069;36;8;1;;3;60;;;;;
FILTRO AIRE 28113-2S000 / CA 10889;42;6;1;;3;70;;;;;
FILTRO AIRE CA 10881 / 28113-35100;39;4;1;;3;65;;;;;
FILTRO AIRE PAB 8970;39;5;1;;3;65;;;;;
FILTRO AIRE CA 7440;42;5;1;;3;70;;;;;
FILTRO AIRE CA 6558;36;5;1;;3;60;;;;;
FILTRO AIRE CA 9493;42;3;1;;3;70;;;;;
FILTRO AIRE PAB 10344;48;3;1;;3;80;;;;;
FILTRO AIRE PAB 10165;39;3;1;;3;65;;;;;
FILTRO AIRE CA 10885;51;3;1;;3;85;;;;;
FILTRO AIRE PAB 6377;39;3;1;;3;65;;;;;
FILTRO AIRE PAB 10233;36;5;1;;3;60;;;;;
FILTRO CA 11258;54;5;1;;3;90;;;;;
FILTRO AIRE CA 11113;48;6;1;;3;80;;;;;
FILTRO AIRE CA 11945;45;3;1;;3;75;;;;;
FILTRO AIRE 13780-54L000;45;4;1;;3;75;;;;;
FILTRO AIRE PAB 8040;39;7;1;;3;65;;;;;
FILTRO AIRE PAB 8133;42;8;1;;3;70;;;;;
FILTRO AIRE CA 10650;42;8;1;;3;70;;;;;
FILTRO AIRE 13780-54G10 / CA 10064;39;8;1;;3;65;;;;;
FILTRO AIRE 17220-RBJ00;42;9;1;;3;70;;;;;
FILTRO AIRE 13780-80J00;48;3;1;;3;80;;;;;
FILTRO AIRE 49460;72;4;1;;3;120;;;;;
FILTRO AIRE 13780-61J00;51;4;1;;3;85;;;;;
FILTRO AIRE 13780-79J00;45;5;1;;3;75;;;;;
FILTRO AIRE 42823;90;5;1;;3;150;;;;;
FILTRO AIRE Y601-13Z40;36;6;1;;3;60;;;;;
FILTRO AIRE PAB 5350;42;5;1;;3;70;;;;;
FILTRO AIRE CA 6828;39;3;1;;3;65;;;;;
FILTRO AIRE PAB 9778;69;4;1;;3;115;;;;;
FILTRO AIRE MD 620039;42;7;1;;3;70;;;;;
FILTRO AIRE CA 7344 ;39;7;1;;3;65;;;;;
FILTRO PABS 139;48;6;1;;4;80;;;;;
FILTRO AIRE 17801-16020;36;8;1;;3;60;;;;;
FILTRO AIRE 28117-17500;36;9;1;;3;60;;;;;
FILTRO AIRE CA 352;36;11;1;;3;60;;;;;
FILTRO AIRE OK72C-23603/ LA 2053;39;2;1;;3;65;;;;;
FILTRO AIRE PAB 10467;57;3;1;;3;95;;;;;
FILTRO AIRE CA 8602;39;4;1;;3;65;;;;;
FILTRO AIRE CA 8911;42;4;1;;3;70;;;;;
FILTRO AIRE CA 7774;42;5;1;;3;70;;;;;
FILTRO AIRE CA 6664;42;1;1;;3;70;;;;;
FILTRO AIRE CA 7420;48;7;1;;3;80;;;;;
FILTRO AIRE ARS 7990;96;8;1;;3;160;;;;;  
FILTRO AIRE CA 3997;30;5;1;;3;50;;;;;
FILTRO CA 11469 / 96910360;39;5;1;;3;65;;;;;
FILTRO AIRE CA 10170;42;5;1;;3;70;;;;;
FILTRO AIRE CA 12052;51;5;1;;3;85;;;;;
FILTRO AIRE PAB 11215;42;4;1;;3;70;;;;;
FILTRO AIRE PAB 9565;39;3;1;;3;65;;;;;
FILTRO AIRE CA 10094;45;16;1;;3;75;;;;;
FILTRO AIRE CA 10254;30;28;1;;3;50;;;;;
FILTRO AIRE CA 10839;42;4;1;;3;70;;;;;
FILTRO AIRE 96950990;63;6;1;;3;105;;;;;
FILTRO AIRE 95238310;48;7;1;;3;80;;;;;
FILTRO AIRE CA 80253;42;4;1;;3;70;;;;;
FILTRO AIRE 46932;240;2;1;;3;400;;;;;
FILTRO AIRE CA 12051;48;3;1;;3;80;;;;;
FILTRO AIRE CA 8747;51;4;1;;3;85;;;;;
FILTRO AIRE CA 9519/ LA 3169;48;5;1;;3;80;;;;;
FILTRO AIRE 28113-B4000;45;3;1;;3;75;;;;;
FILTRO AIRE 49014;96;4;1;;3;160;;;;;
FILTRO AIRE 13780-81A00;39;4;1;;3;65;;;;;
FILTRO AIRE CA 9800 / FF-AK370-4;72;4;1;;3;120;;;;;
FILTRO AIRE 13780-84A00;36;5;1;;3;60;;;;;
FILTRO AIRE CA 8547;42;5;1;;3;70;;;;;
FILTRO AIRE PAB 11858;42;5;1;;3;70;;;;;
FILTRO AIRE CA 10262;60;5;1;;3;100;;;;;
FILTRO AIRE 17801-WB001;48;6;1;;3;80;;;;;
FILTRO AIRE 28113-A9100;42;5;1;;3;70;;;;;
FILTRO AIRE 28113-D3300;42;7;1;;3;70;;;;;
FILTRO AIRE PAB 11421;42;7;1;;3;70;;;;;
FILTRO AIRE 16546-EB300;39;5;1;;3;65;;;;;
FILTRO AIRE ISUZU 5-876100200;240;7;1;;3;400;;;;;
FILTRO AIRE CA 10741;48;7;1;;3;80;;;;;
FILTRO AIRE CA 10997;36;8;1;;3;60;;;;;
FILTRO AIRE CA 10118;45;8;1;;3;75;;;;;
FILTRO AIRE CA 9798;54;8;1;;3;90;;;;;
FILTRO AIRE CA 10242;42;2;1;;3;70;;;;;
FILTRO AIRE CA 10490;45;8;1;;3;75;;;;;
FILTRO AIRE 28113-02510;36;4;1;;3;60;;;;;
FILTRO AIRE 28113-4H000;54;3;1;;3;90;;;;;
FILTRO CAJA AUTOMÁTICA FT 105;75;5;1;;2;125;;;;;
FILTRO CAJA AUTOMÁTICA FT Z01 / FT 1235;150;5;1;;2;250;;;;;
FILTRO CAJA AUTOMATICA FT 1051;120;5;1;;2;200;;;;;
FILTRO CAJA AUTOMATICA FT 1065;105;5;1;;2;175;;;;;
FILTRO CAJA AUTOMATICA FT 1077;75;5;1;;2;125;;;;;
FILTRO CAJA AUTOMATICA FT 1083;90;5;1;;2;150;;;;;
FILTRO CAJA AUTOMÁTICA FT 1099;84;5;1;;2;140;;;;;
FILTRO CAJA AUTOMÁTICA FT 1105;90;5;1;;2;150;;;;;
FILTRO CAJA AUTOMATICA FT 1110;90;5;1;;2;150;;;;;
FILTRO CAJA AUTOMATICA FT 1115;90;5;1;;2;150;;;;;
FILTRO CAJA AUTOMATICA FT 1121;90;5;1;;2;150;;;;;
FILTRO CAJA AUTOMATICA FT 1123;90;5;1;;2;150;;;;;
FILTRO CAJA AUTOMATICA FT 1124;90;5;1;;2;150;;;;;
FILTRO CAJA AUTOMATICA FT 1129;90;5;1;;2;150;;;;;
FILTRO CAJA AUTOMATICA FT 1133;90;5;1;;2;150;;;;;
FILTRO CAJA AUTOMATICA FT 1137;72;5;1;;2;120;;;;;
FILTRO CAJA AUTOMATICA FT 1138;120;5;1;;2;200;;;;;
FILTRO CAJA AUTOMATICA FT 1142;90;5;1;;2;150;;;;;
FILTRO CAJA AUTOMATICA FT 1143;108;5;1;;2;180;;;;;
FILTRO CAJA AUTOMATICA FT 1145;120;5;1;;2;200;;;;;
FILTRO CAJA AUTOMATICA FT 1146;78;5;1;;2;130;;;;;
FILTRO CAJA AUTOMATICA FT 1151 / FT 1215;90;5;1;;2;150;;;;;
FILTRO CAJA AUTOMATICA FT 1153;120;5;1;;2;200;;;;;
FILTRO CAJA AUTOMATICA FT 1158;90;5;1;;2;150;;;;;
FILTRO CAJA AUTOMATICA FT 1162;90;5;1;;2;150;;;;;
FILTRO CAJA AUTOMATICA FT 1167;90;5;1;;2;150;;;;;
FILTRO CAJA AUTOMATICA FT 1170;120;5;1;;2;200;;;;;
FILTRO CAJA AUTOMATICA FT 1181 / 58618;90;5;1;;2;150;;;;;
FILTRO CAJA AUTOMATICA FT 1185 / 58610;126;5;1;;2;210;;;;;
FILTRO CAJA AUTOMATICA FT 1210;90;5;1;;2;150;;;;;
FILTRO CAJA AUTOMATICA  FT 1216 / WIX 58030;108;5;1;;2;180;;;;;
FILTRO CAJA AUTOMATICA FT 1220 / 58324;90;5;1;;2;150;;;;;
FILTRO CAJA AUTOMATICA FT 1222;120;5;1;;2;200;;;;;
FILTRO CAJA AUTOMATICA FT 1223;120;5;1;;2;200;;;;;
FILTRO CAJA AUTOMATICA FT 1226;180;5;1;;2;300;;;;;
FILTRO CAJA AUTOMATICA FT 1230;180;5;1;;2;300;;;;;
FILTRO CAJA AUTOMATICA FT 1232;150;5;1;;2;250;;;;;
FILTRO CAJA AUTOMATICA FT 1191;156;5;1;;2;260;;;;;
FILTRO CAJA AUTOMATICA 51064;60;5;1;;2;100;;;;;
FILTRO CAJA AUTOMATICA MR 357510 / 58710;90;5;1;;2;150;;;;;
FILTRO CAJA AUTOMATICA FT 7301;120;5;1;;2;200;;;;;
FILTRO CAJA AUTOMATICA FT FZ01;90;5;1;;2;150;;;;;
FILTRO CAJA AUTOMATICA FT R5L003;60;5;1;;2;100;;;;;
FILTRO CAJA AUTOMATICA FT 41509;90;5;1;;2;150;;;;;
FILTRO CAJA AUTOMATICA FT 12050;120;5;1;;2;200;;;;;
FILTRO CAJA AUTOMATICA FT AWA0;120;5;1;;2;200;;;;;
FILTRO CAJA AUTOMATICA FT 65D10;6;5;1;;2;10;;;;;
FILTRO CAJA AUTOMATICA FT 1237;90;5;1;;2;150;;;;;
FILTRO CAJA AUTOMATICA FT A004;105;5;1;;2;175;;;;;
FILTRO CAJA AUTOMATICA FT 88304;105;5;1;;2;175;;;;;
FILTRO CAJA AUTOMATICA FT 1063;120;5;1;;2;200;;;;;
FILTRO CAJA AUTOMATICA FT IXZ01;105;5;1;;2;175;;;;;
FILTRO CAJA AUTOMATICA FT 1236;90;5;1;;2;150;;;;;
FILTRO CAJA AUTOMATICA FT 3JX0A;105;5;1;;2;175;;;;;
FILTRO CAJA AUTOMATICA FT 5T0-003;90;5;1;;2;150;;;;;
FILTRO CAJA AUTOMATICA FT 1169;90;5;1;;2;150;;;;;
FILTRO CAJA AUTOMATICA FT 35330-33050;90;5;1;;2;150;;;;;
FILTRO CABINA FF-K1210A;120;5;1;;3;200;;;;;
FILTRO CABINA FF-K1310A;75;5;1;;3;125;;;;;
FILTRO CABINA FF-K1326;105;5;1;;3;175;;;;;
FILTRO CABINA 24579;105;5;1;;3;175;;;;;
FILTRO CABINA 24482;180;5;1;;3;300;;;;;
FILTRO CABINA FF-K1123 / 24873;90;5;1;;3;150;;;;;
FILTRO CABINA FF-K1198-2X;90;5;1;;3;150;;;;;
FILTRO CABINA FF-K1187;90;5;1;;3;150;;;;;
FILTRO CABINA FF-K1183 / 24900;90;5;1;;3;150;;;;;
FILTRO CABINA 24907;90;5;1;;3;150;;;;;
FILTRO CABINA K1155 / 7H0819631;105;5;1;;3;175;;;;;
FILTRO CABINA DD10-61P11;105;5;1;;3;175;;;;;
FILTRO CABINA FF-K1240A;120;5;1;;3;200;;;;;
FILTRO CABINA 24816;108;5;1;;3;180;;;;;
FILTRO CABINA 24826;150;5;1;;3;250;;;;;
FILTRO CABINA CF 10729;60;5;1;;3;100;;;;;
FILTRO CABINA CF 10134;60;5;1;;3;100;;;;;
FILTRO CABINA CF 10135;60;5;1;;3;100;;;;;
FILTRO CABINA CF 10139;60;5;1;;3;100;;;;;
FILTRO CABINA CF 10140;60;5;1;;3;100;;;;;
FILTRO CABINA CF 10374;60;5;1;;3;100;;;;;
FILTRO CABINA CF 10381;60;5;1;;3;100;;;;;
FILTRO CABINA CF 10545;60;5;1;;3;100;;;;;
FILTRO CABINA CF 10546;60;5;1;;3;100;;;;;
FILTRO CABINA CF 10547;60;5;1;;3;100;;;;;
FILTRO CABINA CF 10550;60;5;1;;3;100;;;;;
FILTRO CABINA CF 10553;60;5;1;;3;100;;;;;
FILTRO CABINA CF 10709;60;5;1;;3;100;;;;;
FILTRO CABINA CF 10731;60;5;1;;3;100; ;;;;
FILTRO CABINA CF 10746;60;5;1;;3;100;;;;;
FILTRO CABINA CF 11182;60;5;1;;3;100;;;;;
FILTRO CABINA CF 11671;60;5;1;;3;100;;;;;
FILTRO CABINA CF 11672;60;5;1;;3;100;;;;;
FILTRO CABINA CF 11811;60;5;1;;3;100;;;;;
FILTRO CABINA CF 8294280K;60;5;1;;3;100;;;;;
FILTRO CABINA CF 9846A;60;5;1;;3;100;;;;;
FILTRO CABINA CF 7803A005;60;5;1;;3;100;;;;;
FILTRO CABINA CF 7803A028;60;5;1;;3;100;;;;;
FILTRO CABINA CF 97030-H1742;60;5;1;;3;100;;;;;
 FILTRO CABINA CF 80291-SDC-W01;60;5;1;;3;100;;;;;
FILTRO CABINA FF-K1241;105;5;1;;3;175;;;;;
FILTRO CABINA FF-K1414;105;5;1;;3;175;;;;;
FILTRO CABINA FF-K1298;120;5;1;;3;200;;;;;
FILTRO CABINA CF 10285;60;5;1;;3;100;;;;;
FILTRO CABINA CF 10133;60;5;1;;3;100;;;;;
FILTRO CABINA CF 10218;60;5;1;;3;100;;;;;
FILTRO CABINA CF 10559;60;5;1;;3;100;;;;;
FILTRO CABINA K1255A;90;5;1;;3;150;;;;;
FILTRO CABINA CF 820X900K;60;5;1;;3;100;;;;;
FILTRO CABINA CF 10329;60;5;1;;3;100;;;;;
FILTRO CABINA CF 10372;60;5;1;;3;100;;;;;
FILTRO CABINA CF 10373;60;5;1;;3;100;;;;;
FILTRO CABINA CF 10719;60;5;1;;3;100;;;;;
FILTRO CABINA CF 10728;60;5;1;;3;100;;;;;
FILTRO CABINA CF 10775;60;5;1;;3;100;;;;;
FILTRO CABINA CF 11177;60;5;1;;3;100;;;;;
FILTRO CABINA CF 11184;60;5;1;;3;100;;;;;
FILTRO CABINA CF 11664;60;5;1;;3;100;;;;;
FILTRO CABINA CF 11776;6;5;1;;3;10;;;;;
FILTRO CABINA CF 11819;60;5;1;;3;100;;;;;
FILTRO CABINA CF 12002;60;5;1;;3;100;;;;;
FILTRO CABINA CF 8225700K;60;5;1;;3;100;;;;;
FILTRO CABINA CF 820K9A5K;60;5;1;;3;100;;;;;
GALON REFRIGERANTE CAR KOOL VERDE;30;11;1;;1;50;;;;;
GALÓN REFRIGERANTE CAR KOOL ROJO;30;9;1;;1;50;;;;;
LITRO REFRIGERANTE CAR KOOL VERDE;12;10;1;;1;20;;;;;
LITRO REFRIGERANTE CAR KOOL ROJO;12;10;1;;1;20;;;;;
GALON REFRIGERANTE PRESTONE VERDE;84;19;1;;1;140;;;;;
LITRO REFRIGERANTE PRESTONE VERDE;38;10;1;;1;63;;;;;
LITRO LIQUIDO DE FRENO PRODIN DOT 3;30;10;1;;1;50;;;;;
LIQUIDO FRENO 10 OZ PRODIN DOT 3;15;10;1;;8;25;;;;;
LITRO LIQUIDO DE FRENO CENTURY DOT 4;30;10;1;;1;50;;;;;
LIQUIDO FRENO 12 OZ CENTURY DOT 4;15;15;1;;8;25;;;;;
AGUA DESTILADA PARA BATERIA PRODIN ;9;22;1;;8;15;;;;;
ACTIVADOR PARA BATERIA PRODIN ;9;32;1;;8;15;;;;;
LITRO POWER STEERING ABRO;30;10;1;;1;50;;;;;
POWER STEERING 12 OZ ABRO ;15;20;1;;8;25;;;;;
LITRO POWER STEERING PRESTONE;39;10;1;;1;65;;;;;
POWER STEERING 12 OZ PRESTONE;18;22;1;;8;30;;;;;
LIQUIDO FRENO 12 OZ PRESTONE DOT 4;18;14;1;;8;30;;;;;
FLUSHING DE RADIADOR MANNOL;24;999;1;;8;40;;;;;
LITRO DUCHA GRAFITADA ;30;10;1;;1;50;;;;;
FLUSHING DE CHASIS;120;999;1;;8;200;;;;;
TERMINALES PARA BATERÍA;9;75;1;;8;15;;;;;
CARTUCHOS GRASA ABRO;18;45;1;;8;30;;;;;
GRASA EN SPRAY JHONSEN;27;37;1;;8;45;;;;;
ESPUMA TUFF STUFF;33;25;1;;8;55;;;;;
ACONDICIONADOR CUERO ARMOR ALL;45;15;1;;8;75;;;;;
FORROS PARA TIMON;69;22;1;;7;115;;;;;
AMBIENTAL ESCENCIA ;12;20;1;;7;20;;;;;
AMBIENTAL PINITO;9;20;1;;7;15;;;;;
AMBIENTAL CHICA FRESA;15;20;1;;7;25;;;;;
PLUMILLA BOSCH ECO;27;20;1;;7;45;;;;;
PLUMILLA BOSCH AEROFIT;45;20;1;;7;75;;;;;
JUEGO ALFOMBRAS DOS PIEZAS ;66;20;1;;7;110;;;;;
JUEGO ALFOMBRAS TRES PIEZAS;90;20;1;;7;150;;;;;
JUEGO ALFOMBRAS CUATRO PIEZAS;78;20;1;;7;130;;;;;
BUG WASH PRESTONE;21;20;1;;8;35;;;;;
FLUSHING INTERNO MOTOR BARDAHL;27;999;1;;8;45;;;;;
GALON REFRIGERANTE PRESTONE ROJO;114;23;1;;1;190;;;;;
GALON REFRIGETANTE SHIELD ;60;11;1;;1;100;;;;;
SILICONE VINIL;15;17;1;;8;25;;;;;
GALON REFRIGERANTE PRESTONE ROSA;105;7;1;;1;175;;;;;
LITRO KENDALL SINTETICO 5W30;48;10;1;;1;80;;;;;
GARRAFA CASTROL CVT ;249;10;1;;1;415;;;;;
FILTRO AIRE CA 8547;42;3;1;;3;70;;;;;
FILTRO CABINA K 1255 A;90;5;1;;3;150;;;;;
FILTRO AIRE 49017;90;3;1;;3;150;;;;;
FILTRO ACEITE 51674 / LFP 2440;204;7;1;;2;340;;;;;
FILTRO AIRE PAB 12259;57;3;1;;3;95;;;;;
SILICONE LOCTITE ;30;15;1;;8;50;;;;;
BRAKE CLEANER ;24;20;1;;8;40;;;;;
ABRAZADERA DE METAL;6;120;1;;8;10;;;;;
ABRAZADERA DE TORNILLO GRANDE ;6;80;1;;8;10;;;;;
ABRAZADERA DE TORNILLO PEQUEÑA;3;92;1;;8;5;;;;;
LIMPIA CONTACTO;24;45;1;;8;40;;;;;
LIMPIA CARBURADOR;24;37;1;;8;40;;;;;
CINCHAS PLASTICAS GRANDES ;1;450;1;;8;2;;;;;
CINCHAS PLASTICAS PEQUEÑAS;1;555;1;;8;1;;;;;
COBRIZA / ROLDANA;3;130;1;;8;5;;;;;
DRENADOR DE ACEITERA ;12;42;1;;8;20;;;;;
ESPARRAGO / PERNO;9;40;1;;8;15;;;;;
CHUCHO / TUERCA PARA LLANTA ;9;40;1;;8;15;;;;;
JUEGO DE PASTILLAS MF 251;138;15;1;;6;230;;;;;
JUEGO DE PASTILLAS MF 299;156;15;1;;6;260;;;;;
JUEGO DE PASTILLAS MF 312;144;15;1;;6;240;;;;;
JUEGO DE PASTILLAS MF 314;129;15;1;;6;215;;;;;
JUEGO DE PASTILLAS MF 315;141;15;1;;6;235;;;;;
JUEGO DE PASTILLAS MF 316;153;15;1;;6;255;;;;;
JUEGO DE PASTILLAS MF 326;132;15;1;;6;220;;;;;
JUEGO DE PASTILLAS MF 342;156;15;1;;6;260;;;;;
SERVICIOS DE MECANICA;60;999;1;;8;100;;;;;
JUEGO DE PASTILLAS MF 345;132;15;1;;6;220;;;;;
JUEGO DE PASTILLAS BOSCH MF 348;156;15;1;;6;260;;;;;
JUEGO DE PASTILLAS MF 358;156;15;1;;6;260;;;;;
JUEGO DE PASTILLAS MF 376;129;15;1;;6;215;;;;;
JUEGO DE PASTILLAS MF 389;159;15;1;;6;265;;;;;
JUEGO DE PASTILLAS MF 392;165;15;1;;6;275;;;;;
JUEGO DE PASTILLAS MF 378;132;15;1;;6;220;;;;;
JUEGO DE PASTILLAS MF 442;144;15;1;;6;240;;;;;
JUEGO DE PASTILLAS MF 457;147;15;1;;6;245;;;;;
JUEGO DE PASTILLAS MF 467;159;15;1;;6;265;;;;;
JUEGO DE PASTILLAS MF 470;135;15;1;;6;225;;;;;
JUEGO DE PASTILLAS MF 602;162;15;1;;6;270;;;;;
JUEGO DE PASTILLAS MF 609;147;15;1;;6;245;;;;;
JUEGO DE PASTILLAS MF 615;144;15;1;;6;240;;;;;
JUEGO DE PASTILLAS MF 620;162;15;1;;6;270;;;;;
JUEGO DE PASTILLAS MF 622;168;15;1;;6;280;;;;;
JUEGO DE PASTILLAS MF 624;165;15;1;;6;275;;;;;
JUEGO DE PASTILLAS MF 625;162;15;1;;6;270;;;;;
JUEGO DE PASTILLAS MF 637;153;15;1;;6;255;;;;;
JUEGO DE PASTILLAS MF 639;153;15;1;;6;255;;;;;
JUEGO DE PASTILLAS MF 650;183;15;1;;6;305;;;;;
JUEGO DE PASTILLAS MF 653;150;15;1;;6;250;;;;;
JUEGO DE PASTILLAS MF 657;147;15;1;;6;245;;;;;
JUEGO DE PASTILLAS MF 664;138;15;1;;6;230;;;;;
JUEGO DE PASTILLAS MF 670;180;15;1;;6;300;;;;;
JUEGO DE PASTILLAS MF 694;150;15;1;;6;250;;;;;
JUEGO DE PASTILLAS MF 695;159;15;1;;6;265;;;;;
JUEGO DE PASTILLAS MF 696;147;15;1;;6;245;;;;;
JUEGO DE PASTILLAS MF 700;150;15;1;;6;250;;;;;
JUEGO DE PASTILLAS MF 706;150;15;1;;6;250;;;;;
JUEGO DE PASTILLAS MF 720;159;15;1;;6;265;;;;;
JUEGO DE PASTILLAS MF 743;150;15;1;;6;250;;;;;
JUEGO DE PASTILLAS MF 747;159;15;1;;6;265;;;;;
JUEGO DE PASTILLAS MF 748;150;15;1;;6;250;;;;;
JUEGO DE PASTILLAS MF 749;162;15;1;;6;270;;;;;
JUEGO DE PASTILLAS MF 760;162;15;1;;6;270;;;;;
JUEGO DE PASTILLAS MF 791;141;15;1;;6;235;;;;;
JUEGO DE PASTILLAS MF 799;138;15;1;;6;230;;;;;
JUEGO DE PASTILLAS MF 803;168;15;1;;6;280;;;;;
JUEGO DE PASTILLAS MF 816;144;15;1;;6;240;;;;;
JUEGO DE PASTILLAS MF 831;156;15;1;;6;260;;;;;
JUEGO DE PASTILLAS MF 834;177;15;1;;6;295;;;;;
JUEGO DE PASTILLAS MF 845;150;15;1;;6;250;;;;;
JUEGO DE PASTILLAS MF 855;183;15;1;;6;305;;;;;
JUEGO DE PASTILLAS MF 866;222;15;1;;6;370;;;;;
JUEGO DE PASTILLAS MF 887;153;15;1;;6;255;;;;;
JUEGO DE PASTILLAS MF 895;135;15;1;;6;225;;;;;
JUEGO DE PASTILLAS MF 897;168;15;1;;6;280;;;;;
JUEGO DE PASTILLAS MF 899;144;15;1;;6;240;;;;;
ENGRASE DE TRANSMISIÓN ;24;9999;1;;9;40;;;;;
JUEGO DE PASTILLAS MF 967;144;15;1;;6;240;;;;;
JUEGO DE PASTILLAS MF 1013;141;15;1;;6;235;;;;;
JUEGO DE PASTILLAS MF 1415;141;15;1;;6;235;;;;;
JUEGO DE PASTILLAS MF 1510;159;15;1;;6;265;;;;;
JUEGO DE PASTILLAS MF 1650;165;15;1;;6;275;;;;;
JUEGO DE PASTILLAS MF 264;120;15;1;;6;200;;;;;
JUEGO DE PASTILLAS MF 307;129;15;1;;6;215;;;;;
JUEGO DE PASTILLAS MF 324;135;15;1;;6;225;;;;;
JUEGO DE PASTILLAS MF 344;144;15;1;;6;240;;;;;
JUEGO DE PASTILLAS MF 348;123;15;1;;6;205;;;;;
JUEGO DE PASTILLAS MF 365;144;15;1;;6;240;;;;;
JUEGO DE PASTILLAS MF 377;129;15;1;;6;215;;;;;
JUEGO DE PASTILLAS MF 478;132;15;1;;6;220;;;;;
JUEGO DE PASTILLAS MF 258;135;15;1;;6;225;;;;;
JUEGO DE PASTILLAS MF 623;186;15;1;;6;310;;;;;
JUEGO DE PASTILLAS MF 635;141;15;1;;6;235;;;;;
JUEGO DE PASTILLAS MF 651;129;15;1;;6;215;;;;;
JUEGO DE PASTILLAS MF 671;141;15;1;;6;235;;;;;
JUEGO DE PASTILLAS MF 703;147;15;1;;6;245;;;;;
JUEGO DE PASTILLAS MF 711;159;15;1;;6;265;;;;;
JUEGO DE PASTILLAS MF 718;126;15;1;;6;210;;;;;
JUEGO DE PASTILLAS MF 724;177;15;1;;6;295;;;;;
JUEGO DE PASTILLAS MF 736;126;15;1;;6;210;;;;;
JUEGO DE PASTILLAS MF 745;189;15;1;;6;315;;;;;
JUEGO DE PASTILLAS MF 755;120;15;1;;6;200;;;;;
JUEGO DE PASTILLAS MF 768;132;15;1;;6;220;;;;;
JUEGO DE PASTILLAS MF 790;144;15;1;;6;240;;;;;
JUEGO DE PASTILLAS MF 701;111;15;1;;6;185;;;;;
JUEGO DE PASTILLAS MF 705;135;15;1;;6;225;;;;;
JUEGO DE PASTILLAS MF 716;144;15;1;;6;240;;;;;
JUEGO DE PASTILLAS MF 722;207;15;1;;6;345;;;;;
JUEGO DE PASTILLAS MF 823;132;15;1;;6;220;;;;;
JUEGO DE PASTILLAS MF 860;156;15;1;;6;260;;;;;
JUEGO DE PASTILLAS MF 870;132;15;1;;6;220;;;;;
JUEGO DE PASTILLAS MF 871;135;15;1;;6;225;;;;;
JUEGO DE PASTILLAS MF 874;141;15;1;;6;235;;;;;
JUEGO DE PASTILLAS MF 898;150;15;1;;6;250;;;;;
JUEGO DE PASTILLAS MF 889;156;15;1;;6;260;;;;;
JUEGO DE PASTILLAS MF 930;192;15;1;;6;320;;;;;
JUEGO DE PASTILLAS MF 951;156;15;1;;6;260;;;;;
JUEGO DE PASTILLAS MF 954;120;15;1;;6;200;;;;;
JUEGO DE PASTILLAS MF 963;126;15;1;;6;210;;;;;
JUEGO DE PASTILLAS MF 965;126;15;1;;6;210;;;;;
JUEGO DE PASTILLAS MF 992;198;15;1;;6;330;;;;;
JUEGO DE PASTILLAS MF 987;207;15;1;;6;345;;;;;
JUEGO DE PASTILLAS MF 1004;114;15;1;;6;190;;;;;
JUEGO DE PASTILLAS MF 1014;120;15;1;;6;200;;;;;
JUEGO DE PASTILLAS MF 1027;228;15;1;;6;380;;;;;
JUEGO DE PASTILLAS MF 1037;150;15;1;;6;250;;;;;
JUEGO DE PASTILLAS MF 1394;153;15;1;;6;255;;;;;
JUEGO DE PASTILLAS MF 302;102;15;1;;6;170;;;;;
JUEGO DE PASTILLAS MF 308;99;15;1;;6;165;;;;;
JUEGO DE PASTILLAS MF 311;99;15;1;;6;165;;;;;
JUEGO DE PASTILLAS MF 347;93;15;1;;6;155;;;;;
JUEGO DE PASTILLAS MF 391;90;15;1;;6;150;;;;;
JUEGO DE PASTILLAS MF 399;111;15;1;;6;185;;;;;
JUEGO DE PASTILLAS MF 401;99;15;1;;6;165;;;;;
JUEGO DE PASTILLAS MF 405;117;15;1;;6;195;;;;;
JUEGO DE PASTILLAS MF 432;111;15;1;;6;185;;;;;
JUEGO DE PASTILLAS MF 475;135;15;1;;6;225;;;;;
JUEGO DE PASTILLAS MF 477;96;15;1;;6;160;;;;;
JUEGO DE PASTILLAS MF 654;111;15;1;;6;185;;;;;
JUEGO DE PASTILLAS MF 740;114;15;1;;6;190;;;;;
JUEGO DE PASTILLAS MF 931;129;15;1;;6;215;;;;;
JUEGO DE PASTILLAS MF 941;147;15;1;;6;245;;;;;
JUEGO DE PASTILLAS 04465-0K380;132;15;1;;6;220;;;;;
JUEGO DE PASTILLAS MF 621;126;15;1;;6;210;;;;;
JUEGO DE PASTILLAS MF 699;132;15;1;;6;220;;;;;
JUEGO DE PASTILLAS MF 966;210;15;1;;6;350;;;;;
JUEGO DE PASTILLAS MF 1628;195;15;1;;6;325;;;;;
JUEGO DE PASTILLAS MF 318;129;15;1;;6;215;;;;;
JUEGO DE PASTILLAS MF 443;132;15;1;;6;220;;;;;
JUEGO DE PASTILLAS MF 463;171;15;1;;6;285;;;;;
JUEGO DE PASTILLAS MF 468;141;15;1;;6;235;;;;;
JUEGO DE PASTILLAS MF 678;183;15;1;;6;305;;;;;
JUEGO DE PASTILLAS MF 757;162;15;1;;6;270;;;;;
JUEGO DE PASTILLAS MF 800;195;15;1;;6;325;;;;;
JUEGO DE PASTILLAS MF 815;159;15;1;;6;265;;;;;
TARRO GRASA GRAFITADA ;27;28;1;;8;45;;;;;
TARRO GRASA PARA COJINETE;27;32;1;;8;45;;;;;
BALANCEO ;72;9999;1;;9;120;;;;;
LAVADO DE VEHICULO;30;9999;1;;9;50;;;;;
GALON DESENGRASANTE ;54;9;1;;1;90;;;;;
JUEGO PASTILLAS MF 880;120;15;1;;6;200;;;;;
JUEGO PASTILLAS MF 881;150;15;1;;6;250;;;;;
JUEGO PASTILLAS MF 882;114;15;1;;6;190;;;;;
GARRAFA KENDALL SEMISINTETICO 10W30;180;15;1;;1;300;;;;;
GARRAFA KENDALL SEMISINTETICO 20W50;180;19;1;;1;300;;;;;
LITRO KENDALL SEMISINTETICO 10W30;39;10;1;;1;65;;;;;
LITRO KENDALL SEMISINTETICO 20W50;39;10;1;;1;65;;;;;
FILTRO ACEITE TOYOTA 90915-YZZD2;120;3;1;;2;200;;;;;
FILTRO ACEITE ISUZU 8-970497081 / 5-87610009-0;90;6;1;;2;150;;;;;
FILTRO AIRE CA 9492 / 13780-78J00;48;4;1;;3;80;;;;;
LAVADO DE MOTOR;30;9999;1;;9;50;;;;;
RECTIFICACIÓN DE DISCO;45;9999;1;;9;75;;;;;
MANO DE OBRA FRENOS;240;9999;1;;9;400;;;;;
FILTRO ACEITE ISUZU 8-98270524-0;174;5;1;;2;290;;;;;
BATERIA LTH 11029-51R500;645;1;1;;5;1075;;;;;
BATERIA LTH 11004-24-530;645;2;1;;5;1075;;;;;
BATERIA LTH 11005-42-500;645;4;1;;5;1075;;;;;
BATERIA LTH 11011-27-700;792;3;1;;5;1320;;;;;
BATERIA LTH 11015-L24R-530;645;2;1;;5;1075;;;;;
BATERIA LTH 11026-34/78-15-750;765;1;1;;5;1275;;;;;
BATERIA LTH 11043-L35-575;690;5;1;;5;1150;;;;;
BATERIA LTH HI TEC 22004-H24R600;780;2;1;;5;1300;;;;;
BATERIA LTH HI TEC 22005-48/91-730;792;3;1;;5;1320;;;;;
BATERIA LTH HI TEC 22006-34/78-800;840;2;1;;5;1400;;;;;
BATERIA LTH HI TEC 22007-27F810;870;2;1;;5;1450;;;;;
BATERIA INTERSTATE MT-51R-IN;609;2;1;;5;1015;;;;;
BATERIA INTERSTATE MTP-24F-IN;666;2;1;;5;1110;;;;;
BATERIA INTERSTATE MT-24-IN;570;2;1;;5;950;;;;;
BATERIA INTERSTATE MTP-27F-IN;690;2;1;;5;1150;;;;;
BATERIA INTERSTATE MT-27-IN;600;2;1;;5;1000;;;;;
BATERIA INTERSTATE MTP-48/H6-IN;822;2;1;;5;1370;;;;;
JUEGO DE PASTILLAS MF 490;171;15;1;;6;285;;;;;
JUEGO DE PASTILLAS MF 796;162;15;1;;6;270;;;;;
JUEGO PASTILLAS MF 885;144;15;1;;6;240;;;;;
JUEGO PASTILLAS MF 872;135;15;1;;6;225;;;;;
JUEGO PASTILLAS MF 979;105;15;1;;6;175;;;;;
JUEGO PASTILLAS MF 1083;132;15;1;;6;220;;;;;
LITRO LIQUIDO FRENO ABRO DOT 3;30;10;1;;1;50;;;;;
FILTRO AIRE 28113-2W300;48;4;1;;3;80;;;;;
LITRO VEEDOL CVT;57;10;1;;1;95;;;;;
LITRO KENDALL SEMI SINTETICO 5W20;42;10;1;;1;70;;;;;
JUEGO PASTILLAS MF 1009;144;15;1;;6;240;;;;;
JUEGO PASTILLAS MF 1067;132;15;1;;6;220;;;;;
JUEGO PASTILLAS MF 1068;138;15;1;;6;230;;;;;
GALON REFRIGERANTE VALVOLINE VERDE;90;7;1;;1;150;;;;;
BATERIA INTERSTATE MT-35-IN;567;2;1;;5;945;;;;;
BATERIA INTERSTATE MTP-24-IN;696;3;1;;5;1160;;;;;
BATERIA INTERSTATE MTP-27-IN;690;4;1;;5;1150;;;;;
FILTRO ACEITE TOYOTA 15601-BZ030;90;9;1;;2;150;;;;;
GALON MANNOL ATF MULTIVEHICULO;150;18;1;;1;250;;;;;
FILTRO ACEITE WL 10332;48;5;1;;2;80;;;;;
LITRO HONDA DUAL PUMP FLUID II;132;10;1;;1;220;;;;;
FILTRO CABINA FF-K1330;90;5;1;;3;150;;;;;
AMBIENTAL FIBER NICE;15;30;1;;7;25;;;;;
FILTRO CAJA AUTOMATICA FT-5L-J003;105;5;1;;2;175;;;;;
FILTRO AIRE CA 10465;51;4;1;;3;85;;;;;
FILTRO AIRE 16546-5RB1A;45;4;1;;3;75;;;;;
JUEGO PASTILLAS MF 959;129;15;1;;6;215;;;;;
JUEGO PASTILLAS MF 920;150;15;1;;6;250;;;;;
JUEGO PASTILLAS MF 788;132;15;1;;6;220;;;;;
VALVOLINE PREMIUM BLUE 10W30 DIESEL;240;74;1;;1;400;;;;;
LITRO VALVOLINE MAX LIFE 10W30 (BARRIL);42;4;1;;1;70;;;;;
FILTRO DIESEL LFF 5D;54;8;1;;4;90;;;;;
FILTRO DIESEL LFP 440;81;8;1;;4;135;;;;;
FILTRO CAJA AUTOMATICA FT 1087;90;5;1;;2;150;;;;;
BATERIA INTERSTATE MT-24F;690;2;1;;5;1150;;;;;
JUEGO PASTILLAS MF 1061;210;20;1;;6;350;;;;;
FILTRO CAJA AUTOMATICA FT 0W040;105;9;1;;2;175;;;;;
FILTRO CAJA AUTOMATICA FT FZ11;105;9;1;;2;175;;;;;
JUEGO PASTILLAS MF 1071;126;20;1;;6;210;;;;;
JUEGO PASTILLAS MF 1079;150;20;1;;6;250;;;;;
GALON BUG WASH PRESTONE;36;17;1;;1;60;;;;;
FILTRO AIRE CA 10255;51;9;1;;3;85;;;;;
FILTRO AIRE 17801-BZ140;48;5;1;;3;80;;;;;
FILTRO AIRE CA 12088;54;3;1;;3;90;;;;;
FILTRO AIRE CA 9481;51;5;1;;3;85;;;;;
FILTRO AIRE CA 10013;42;3;1;;3;70;;;;;
FILTRO AIRE CA 8997;45;7;1;;3;75;;;;;
FILTRO CABINA FF K1362;90;8;1;;3;150;;;;;
FILTRO ACEITE 8-98270524-0;60;6;1;;2;100;;;;;
FILTRO CAJA AUTOMATICA FT 23000;90;6;1;;2;150;;;;;
FILTRO AIRE 816Y0K;36;8;1;;3;60;;;;;
