placa;fecha;filtro_aceite;filtro_aire;filtro_diesel;engrase;este_cambio;proximo_cambio;observaciones
P506HSS;19/08/2025;SI;NO;NO;NO;155,562;157,562;
C783BVC;19/08/2025;SI;NO;SI;SI;66,838;71,838;FRENOS DELANTEROS
P928GPV;19/08/2025;SI;SI;NO;NO;193,888;195,888;
P184KMZ;19/08/2025;SI;SI;NO;NO;192,377;195,377;
P349KLX;19/08/2025;SI;SI;NO;NO;169,977;171,977;C/F CABINA
P957DJV;19/08/2025;SI;NO;NO;SI;S/F;S/F;C/A CATARINA Y TRANSFER
P290JDK;19/08/2025;SI;NO;NO;NO;53,700;58,700;C/F CABINA, BALANCEO Y ROTACION
P591JRB;19/08/2025;SI;SI;SI;NO;100,477;105,477;C/A CAJA AUT, C/REFRIGERANTE
P458KPV;19/08/2025;SI;NO;NO;NO;144,046;147,046;LAVADO DE MOTOR
P247LDL;19/08/2025;SI;NO;NO;NO;72,291;77,291;
P131GBH;19/08/2025;SI;NO;NO;NO;231,145;234,145;
P760JCX;19/08/2025;SI;SI;NO;NO;139,144;142,144;C/F CABINA
P302GYW;20/08/2025;SI;SI;NO;NO;143,940;146,940;
P250KVT;20/08/2025;SI;SI;NO;NO;143,207;146,207;C/F CABINA
P988GSM;20/08/2025;SI;SI;SI;NO;164,510;169,510;C/F CABINA, FLUSHING, LAV DE MOTOR
P643JJD;20/08/2025;SI;NO;NO;NO;100,324;105,324;RECTIF DE DISCOS DELANT Y TRASEROS, FRENOS, C/LIQ FRENOS
P389GYW;20/08/2025;NO;NO;NO;NO;235,632;245,632 CAJA AUT;C/A CAJA AUT, DESMONTAJE Y MONTAJE CAJA C/EMPAQUES, C/MULETAS
C177BWZ;20/08/2025;SI;NO;NO;SI;80,407;85,407;
C603BYG;21/08/2025;NO;NO;NO;NO;NO;NO;MANT DE FRENOS TRASEROS, C/BOMBAS AUXILIARES TRASERAS
P656HRV;21/08/2025;NO;NO;NO;NO;NO;NO;C/A CAJA AUT, MEC VARIA ORDEN NO. 13119
P820KXP;21/08/2025;SI;SI;NO;NO;47,782;50,782;C/F CABINA, RECTIF. DISCOS TRASEROS, FRENOS TRASEROS
P843JTW;21/08/2025;NO;NO;NO;NO;NO;NO;C/EMPAQUES VALVULAS V.TEC, C/EMPAQUE TAPAVALVULAS, C/BOMBA TIMON HIDRAU.
P711KPH;22/08/2025;NO;NO;NO;NO;NO;NO;RECT DISCOS Y TAMBORES, FRENOS, C/LIQ FRENOS
P655GMD;22/08/2025;SI;NO;NO;NO;155,349;157,349;
P311KYH;22/08/2025;SI;SI;NO;NO;97,850;101;C/F CABINA, LAVADO DE MOTOR
P825GGP;22/08/2025;NO;NO;NO;NO;NO;NO;C/BOMBA AUX DE CLUTCH
C467BYT;22/08/2025;SI;NO;NO;NO;52,290;57,290;C/RETENEDOR CATARINA DELANTERA
P754FQC;22/08/2025;NO;NO;NO;NO;NO;NO;MECANICA VARIA ORDEN NO. 13122
P755KYG;23/08/2025;SI;NO;NO;NO;105,817;108,817;
P340DPL;23/08/2025;NO;NO;NO;NO;NO;NO;C/A CAJA AUT 290,502-300,502
P107DPS;23/08/2025;SI;SI;NO;NO;125,503;128,503;C/F CABINA
P362BGC;23/08/2025;SI;SI;NO;SI;102,966;105,966;
P334KLX;23/08/2025;SI;SI;NO;NO;120,614;123,614;C/F CABINA, RECT DE DISCOS, FRENOS
P174BCN;23/08/2025;SI;NO;NO;NO;207,267;209,267;C/BOMBILLAS PIDE VÌA
P102KCZ;25/08/2025;SI;NO;NO;NO;300,000;303,000;LAVADO DE MOTOR
P818KKS;25/08/2025;SI;SI;NO;SI;40,823;45,823;C/F CABINA
P257DKP;25/08/2025;NO;NO;NO;NO;NO;NO;REPARACIÓN CABLEADO SENSOR MAF
P418GJQ;25/08/2025;NO;NO;NO;NO;NO;NO;C/2 ESTABILIZADORAS DELANTERAS
P569JGZ;26/08/2025;SI;SI;NO;SI;194,291;199,291;
C453BZG;26/08/2025;SI;NO;NO;SI;17,154;122,154;
P104HXY;26/08/2025;NO;NO;NO;NO;NO;NO;RECT DE DISCOS TRASEROS, FRENOS TRASEROS, MANTENIM FRENOS DELANTEROS
P176JQM;26/08/2025;SI;SI;NO;NO;252,075;255,075;C/DE CANDELAS
C779BVH;26/08/2025;SI;NO;SI;SI;114,554;119,554;
P146GFV;26/08/2025;SI;SI;NO;NO;153,083;158,083;
P358FNP;26/08/2025;NO;NO;NO;NO;NO;NO;C/BUFA IZQUIERDA, RECTIFIC DISCOS DELANTEROS, FRENOS DELANTEROS
P506HSS;26/08/2025;NO;NO;NO;NO;NO;NO;C/ESTABILIZADORAS, REPARACION FUGA BASE FILTRO ACEITE
P014LDP;26/08/2025;SI;SI;NO;NO;98,618;101,618;C/A CAJA AUTOMATICA, C/F CABINA.
P049KRC;27/08/2025;SI;NO;NO;SI;9,234;14,234;C/CABINA
P423BLT;27/08/2025;SI;NO;NO;SI;S/F;S/F;LAVADO DE MOTOR
P557LGW;27/08/2025;SI;NO;NO;NO;100,672;103,672;ESCANER
P705FXQ;27/08/2025;SI;SI;NO;SI;133,084;135,084;C/A CAJA AUTOM, C/BOMBILLAS TRASERAS
C896BYV;28/08/2025;NO;NO;NO;NO;NO;NO;C/PASTILLAS DELANTERAS, MANTENIM MORDAZA DELANT DERECHA
C603BYG;28/08/2025;NO;NO;NO;NO;NO;NO;C/PUNTAS Y TERMINALES DE DIRECCION, C/PINES DE MORDAZA
P225JQM;28/08/2025;SI;SI;NO;NO;119,287;122,287;C/F CABINA
P738JCX;28/08/2025;SI;SI;NO;SI;91,300;94,300;
P857LCG;28/08/2025;SI;SI;NO;SI;10,624;15,600;LAVADO DE MOTOR
P077KYH;28/08/2025;NO;SI;NO;NO;NO;NO;FLUSHING, C/F CABINA
P925KWM;28/08/2025;SI;NO;NO;NO;126,509;129,509;C/F CABINA
P524KZS;28/08/2025;SI;SI;NO;NO;209,477;212,477;C/F CABINA, MEC VARIA ORDEN NO. 13142
P440KPN;28/08/2025;SI;NO;NO;SI;127,240;132,240;
P558DKH;29/08/2025;SI;SI;NO;SI;212,361;217,361;C/F CABINA,
P569JGZ;29/08/2025;NO;NO;NO;NO;NO;NO;FREOS TRASEROS, C/BOMBA HIDRAU, C/BOOSTER Y BOMBA CENTRAL FRENOS, LAV MOTOR
P267KVB;29/08/2025;NO;NO;NO;NO;NO;NO;C/3 GUARDAPOLVO FECHA Y 1 PUNTA FLECHA DERECHA, C/2 TERMINALES DIRECC
P830KCZ;30/08/2025;SI;NO;NO;NO;106,567;111,567;C/F CABINA
P418FWR;30/08/2025;SI;SI;NO;NO;54,357;56,357;
P051GXP;30/08/2025;SI;SI;SI;SI;131,004;136,004;C/F CABINA, C/BOMBAS AUX TRASERAS
P879JQQ;30/08/2025;NO;NO;SI;NO;127,280;132,280;
P824FKQ;30/08/2025;SI;NO;NO;NO;169,338;172,338;C/A CAJA AUTOMATICA PROX/C 179,338
P872JXM;30/08/2025;SI;NO;NO;NO;175,532;178,535;C/F CABINA, C/A CAJA AUTO PROX/C 185,532, C/FAJA ACCESORIOS, LIQ FRENOS
P869LDN;30/08/2025;SI;SI;NO;NO;110,100;115,100;MECANICA VARIA, ORDEN NO. 13120
P644KGY;1/09/2025;SI;NO;NO;NO;54,282;59,282;
HBM6224;1/09/2025;SI;SI;NO;NO;191,749;194,749;
P270JVS;1/09/2025;SI;NO;NO;NO;62,804;67,804;
P592GVJ;1/09/2025;SI;NO;SI PROP.;SI;77,576;80,576;
P379JXW;1/09/2025;SI;NO;NO;SI;73,389;78,389;
P215JBQ;1/09/2025;NO;NO;NO;NO;NO;NO;FRENOS TRASEROS, RECTIF DE 2 TAMBORES
P264KZY;1/09/2025;SI;NO;SI;SI;27,411;37,000;
P455JWF;1/09/2025;NO;NO;NO;NO;NO;NO;C/HULES BARRA ESTABILIZADORAS TRASERAS
P350DSL;2/09/2025;SI;NO;NO;NO;193,237;198,237;
P618JMP;2/09/2025;SI;SI;NO;NO;98,871;103,871;FLUSHING
P959GBH;2/09/2025;SI;SI;NO;NO;91,454;94,454;
P484JRC;29/08/2025;XX;XX;XX;XX;XX;XX;C/MULETA DERECHA DELANTERA, C/GUARDAPOLVO FLECHA Y MANTE, INSTALACION DE PECHERA
P665KWM;3/09/2025;SI;SI;NO;NO;97,818;100,818;
P186LFG;3/09/2025;SI;NO;NO;NO;147,680;150,680;C/F CABINA, C/A CAJA AUTOMATICA PROX/C 157,680
C603BYG;3/09/2025;NO;NO;NO;NO;NO;NO;C/CATARINA DELANTERA
P833LFN;3/09/2025;NO;NO;NO;NO;NO;NO;FRENOS DELANTEROS Y TRASEROS, RECTIF 2 DISCOS TRASEROS
P409HVY;3/09/2025;NO;NO;NO;NO;NO;NO;REPARACION PERDIDA DE POTENCIA Y REPARACION ARNES ELECTRICO
P293JXN;3/09/2025;SI;SI;NO;NO;99,791;102,791;
P309GRZ;4/09/2025;SI;NO;NO;NO;105,805;110,805;
P944JBR;4/09/2025;SI;SI;SI;NO;40,830;45,800;FLUSHING
C066BZF;4/09/2025;SI;NO;NO;NO;94,530;99,500;FECTIFICACION DISCOS Y TAMBORES, FRENOS DELANTEROS Y TRASEROS, C/2 BOMBAS AUXILIARES
P372JVV;5/09/2025;SI;SI;NO;NO;47,596;52,596;C/F CABINA
P426LJG;5/09/2025;SI;SI;NO;NO;50,002;53;C/F CABINA
P267KYH;5/09/2025;SI;SI;NO;NO;67,754;70,754;C/F CABINA
P021HWL;5/09/2025;SI;SI;SI;SI;25,283;30,283;C/F CABINA, C/F T/A, LAV DE MOTOR
P602JBJ;5/09/2025;NO;NO;NO;NO;NO;NO;DESMONTAJE Y MONTAJE MOTOR DE ARRANQUE
P949KNK;5/09/2025;SI;NO;NO;SI;90,896;95,896;C/F CABINA, RECT DISCOS Y TAMBORES, FRENOS DELANT Y TRASEROS
P597KNZ;5/09/2025;SI;SI;SI;SI;268,419;273,419;C/F CABINA
P484JRC;5/09/2025;NO;NO;NO;NO;157,300;162,300;C/A CAJA AUTO. RECTIF DISCOS DELANT Y TRASEROS, FRENOS DELANT Y TRASEROS
P466KGX;6/09/2025;SI;SI;SI;SI;105,165;110,165;
P991JRL;6/09/2025;SI;SI;NO;NO;152,794;155,794;C/F CABINA
P962GRC;6/09/2025;NO;NO;NO;NO;NO;NO;C/CREMALLERA, C/MULETAS DELANT, C/BASE AMORTIGUADORES
P321KTD;8/09/2025;SI;SI;NO;NO;111,576;114,500;C/F CABINA
P550FLR;8/09/2025;SI;NO;NO;NO;175,105;180,105;
P600GDG;8/09/2025;SI;NO;NO;NO;230,787;232,787;LAV DE MOTOR, ESCANER
P142FXL;8/09/2025;SI;NO;NO;NO;87,678;92,678;C/F CABINA, FRENOS DELANTEROS, RECTIF FRENOS DELANTEROS
P435JWP;8/09/2025;SI;SI;SI;SI;33,663;38,663;C/F T/A, C/F CABINA, LAV DE MOTOR
P872CGM;8/09/2025;SI;NO;NO;SI;299,352;304,352;C/AMORTIGUADORES TRASEROS
P153KFP;8/09/2025;SI;NO;NO;NO;105,482;108,482;C/F CABINA, LAV DE MOTOR
P018GRC;8/09/2025;SI;SI;NO;NO;134,657;137,657;C/F CABINA
P013FSB;8/09/2025;NO;NO;NO;NO;NO;NO;C/MODULO FRENO ABS, C/BOOSTER Y BOMBA CENTRAL FRENOS
292JTG;9/09/2025;NO;NO;NO;NO;NO;NO;C/BRAZO AUXILIAR DE DIRECCION
P975KXN;9/09/2025;SI;NO;NO;SI;155,383;158,300;C/F CABINA
P765JDJ;9/09/2025;SI;SI;NO;NO;9,852;14,852;C/F CABINA
P009JHB;9/09/2025;SI;SI;NO;NO;137,460;140,460;C/F CABINA
P504JWF;9/09/2025;SI;SI;NO;NO;184,826;187,826;
P267KTD;9/09/2025;SI;NO;NO;NO;128,870;131,870;
P504KTD;9/09/2025;NO;NO;NO;NO;NO;NO;C/DISCOS FRENOS DELANT Y TRASEROS, C/ESTAB DELANTE, DIAGNOSTICO C/ESCANER
P958FJP;9/09/2025;SI;SI;NO;NO;S/F;S/F;
P140DTV;9/09/2025;NO;NO;NO;NO;NO;NO;CAMBIO DE SENSOR TEMPERATURA
P351JVS;10/09/2025;SI;NO;NO;SI;86,554;91,554;FLUSHING
P424KBH;10/09/2025;SI;SI;SI;SI;121,134;126,134;C/F CABINA
P234JGZ;10/09/2025;SI;NO;NO;NO;124,494;127,494;
P215JBQ;10/09/2025;NO;NO;NO;NO;NO;NO;FRENOS DELANTEROS
P879KXP;10/09/2025;NO;NO;NO;NO;NO;NO;MECANICA VARIA ORDEN NO. 13195
P063HVY;11/09/2025;SI;SI;NO;NO;164,092;167,092;
P131KJT;11/09/2025;SI;NO;NO;NO;141,255;144,255;
P514FWV;11/09/2025;SI;SI;NO;NO;196,794;198,794;
P878LHL;11/09/2025;SI;NO;NO;NO;214,472;217,472;C/F CABINA
P554JJD;11/09/2025;NO;NO;NO;NO;NO;NO;C/VALVULA VVTI
P340KCG;11/09/2025;NO;NO;NO;NO;NO;NO;REPARACION DE FUGA DE REFRIGERANTE
P265FLT;11/09/2025;SI;SI;SI;NO;171,139;176,139;FRENOS DELANT Y TRASEROS, C/BOMBAS AUXILIARES DE FRENOS, C/LIQ DE FRENO, FLUSHING
P343JFJ;11/09/2025;NO;NO;NO;NO;NO;NO;REPARACION DE CAJA ATF
P528GTC;12/09/2025;SI;SI;NO;NO;295,602;300,602;C/F CABINA
P133KJT;12/09/2025;SI;NO;NO;NO;135,423;138,423;
P714JGF;12/09/2025;SI;NO;NO;SI;53,356;58,356;
P692JTR;12/09/2025;SI;SI;NO;NO;141,233;144,233;RECTIF DISCOS Y TAMBORES, FRENOS DELANT Y TRASEROS
P973JRM;12/09/2025;SI;NO;NO;NO;58,735;63,735;
P969KWM;12/09/2025;SI;SI;NO;NO;172,651;175,651;C/F CABINA
P285KLX;12/09/2025;SI;NO;NO;NO;110,468;113,468;C/TENSOR Y FAJA
P332JBK;12/09/2025;SI;SI;NO;SI;139,146;144,146;C/F CABINA
P956JGZ;12/09/2025;NO;NO;NO;NO;NO;NO;C/BUJIAS Y ESPIGAS DE BOBINA
P221JXJ;13/09/2025;SI;NO;NO;NO;S/F;S/F;
P754FQC;13/09/2025;SI;SI;NO;NO;185,527;187,527;
P894LCN;13/09/2025;SI;SI;NO;NO;164,042;169,042;C/F CABINA
P940JZJ;13/09/2025;SI;SI;NO;NO;149,552;151,552;C/F CABINA
P243JTG;13/09/2025;SI;SI;NO;NO;175,447;178,447;C/F CABINA
P686JGZ;13/09/2025;NO;NO;NO;NO;105,654;NO;C/ACEITE CAJA AUTOM PROX/C 115,654
P699JWK;13/09/2025;NO;NO;NO;NO;NO;NO;C/ PINES
P452JGZ;15/09/2025;SI;NO;NO;NO;52,087;57,087;
P033KRW;15/09/2025;NO;NO;NO;NO;NO;NO;MECANICA VARIA ORDEN NO. 13251
C560BSN;16/09/2025;SI;SI;SI;SI;350,493;355,493;C/F CABINA
P305FKP;16/09/2025;SI;NO;NO;NO;215,839;217,839;
P637KQK;16/09/2025;SU;SI;NO;NO;288,020;291,000;C/F CABINA
C603BYG;16/09/2025;NO;NO;NO;NO;NO;NO;RECT TAMBORES TRAS, FRENOS TRAS, C/PASTILLAS DELANT
P567HKG;16/09/2025;SI;SI;NO;NO;42,659;47,659;C/F CABINA
P664JJD;16/09/2025;NO;NO;NO;NO;NO;NO;FRENOS DELANT, C/HULES 1/2 LUNA
P029JGZ;16/09/2025;SI;SI;NO;NO;102,509;105,509;
P521JSG;29/08/2025;NO;NO;NO;NO;NO;NO;LAV MOTOR, FRENOS DELANT Y TRASER, RECTIF DISCOS Y TAMBORES
P897JRM;16/09/2025;SI;SI;SI;SI;63,545;68,545;C/F CABINA
P521JSG;16/09/2025;SI;NO;SI T/A SI;SI;50,617;55,617;
P988GSM;17/09/2025;NO;NO;NO;NO;NO;NO;C/BUFAS DELANTERAS
P815JGF;17/09/2025;SI;SI;NO;SI;54,214;59,214;C/F CABINA, LAVADO DE MOTOR
P183KVB;17/09/2025;NO;NO;NO;NO;NO;NO;C/BUFA IZQUIERDA, RECTIF DE DISCOS DELANTEROS, FRENOS DELANTEROS
P417GFQ;17/09/2025;NO;NO;NO;NO;NO;NO;MECANICA VARIA ORDEN NO. 13287
P577KRR;19/09/2025;SI;SI;SI;NO;57,714;62,714;C/F CABINA, LAVADO DE MOTOR
P699JWK;17/09/2025;NO;NO;NO;NO;NO;NO;DESMONT Y MONTAJE PINES DE MORDAZA
P568JQX;17/09/2025;NO;NO;NO;NO;NO;NO;C/BUFAS TRASERAS, C/COJINETE FLECHA DERECHA
P164KCC;18/09/2025;SI;NO;NO;NO;78,706;83,706;
P458LKB;18/09/2025;SI;NO;NO;SI;1,467;6,467;
P156HXY;18/09/2025;SI;SI;NO;SI;90,920;95,920;C/A CAJA PROX C/120,920, C/F CABINA
P507JGZ;18/09/2025;SI;SI;NO;NO;219,989;22,989;C/F CABINA
P244LFV;18/09/2025;SI;SI;NO;NO;106,215;109,215;C/F CABINA, LAVADO DE MOTOR
P891LGY;18/09/2025;SI;SI;NO;SI;154,298;157,298;C/CABINA
P062KSX;18/09/2025;SI;SI;NO;NO;153,581;156,581;
P564KCZ;18/09/2025;NO;NO;NO;NO;113,604;123,604;C/A CAJA AUTOMATICA, LIMPIEZA CUERPO VALVULAS
P455JWR;19/09/2025;SI;NO;NO;NO;145,313;148,313;
P340CQM;19/09/2025;SI;SI;NO;NO;193,115;196,115;
P954JNL;19/09/2025;SI;NO;NO;NO;178,141;181,141;
P187FVJ;19/09/2025;SI;SI;SI;NO;175,703;180,700;C/F CABINA, MEC VARIA ORDEN NO. 13302, LAV MOTOR
P188JNM;19/09/2025;SI;NO;NO;SI;113,324;118,324;C/F CABINA, FRENOS TRASER, LAV DE MOTOR
P489LFM;19/09/2025;SI;SI;NO;NO;89,905;92,905;C/F CABINA, C/A CAJA PROX/C 99,905, RECTIF DISCOS DELANT Y TRAEROS, FRENOS DELANT Y TRASER. LIMP CUERPO VALVULAS
P281JRM;20/09/2025;SI;NO;NO;NO;145,023;148,023;C/F CABINA
P328KNP;20/09/2025;SI;SI;NO;NO;200,538;205,538;
P715FVH;20/09/2025;SI;SI;NO;SI;292,916;297,916;C/F CABINA, LAV DE MOTOR
P379HXY;20/09/2025;SI;SI;NO;SI;150,904;155,904;C/F CABINA, LAV DE MOTOR
P385KVB;20/09/2025;SI;NO;NO;NO;102,354;105,354;
P631KLX;20/09/2025;SI;SI;NO;NO;149,749;152,749;
P337JGZ;20/09/2025;SI;SI;NO;NO;206,696;209,696;
P273KFR;20/09/2025;NO;NO;NO;NO;100,515;110,515;C/A CAJA AUTOMATICA
P127GWQ;20/09/2025;SI;SI;NO;NO;127,333;130,333;C/F CABINA
P519GJF;20/09/2025;SI;SI;NO;NO;172,256;175,256;
P474GXT;22/09/2025;SI;SI;NO;SI;122,643;125,643;
P111JTG;22/09/2025;SI;NO;NO;NO;191,716;194,716;C/A CAJA PROX C/201,716, C/A CATARINAS
P362HXB;22/09/2025;SI;SI;NO;NO;149,598;152,598;C/F CABINA
P865KSF;22/09/2025;SI;NP;NO;SI;292,053;294,053;C/A CAJA, C/A DIFERENCIAL
P852JGZ;22/09/2025;SI;NO;NO;NO;126,439;129,439;
P258GYF;22/09/2025;SI;NO;SI;SI;109,480;114,480;
P975FSS;22/09/2025;SII;NO;NO;NO;161,374;163,374;MECANICA VARIA ORDEN NO. 13233, LAV MOTOR
P602HZZ;23/09/2025;SI;NO;NO;NO;291,106;296,160;
C407BPZ;23/09/2025;SI;SI;NO;NO;42,556;47,556;
P097JXN;23/09/2025;SI;NO;NO;NO;174,885;177,885;
P864HMN;23/09/2025;SI;SI;NO;NO;117,217;122,217;C/F CABINA
P833JHP;23/09/2025;SI;SI;NO;NO;112,563;115,563;
P505LCQ;23/09/2025;SI;NO;NO;NO;129,548;132,548;PLACA/ANT P997HSF, C/AMORT TRASER, C/COJIN TRASER, LAV MOTOR
125GFY;24/09/2025;SI;SI;NO;NO;197,849;200,849;C/A CAJA PROX/C 207,849, C/F CABINA
P597KCZ;24/09/2025;SI;SI;NO;NO;174,293;177,293;C/F CABINA
P959KYG;24/09/2025;SI;SI;NO;NO;71,921;74,921;C/A CAJA PROX/C 81,921,. C/F CABINA, FLUSHING
P566LFN;24/09/2025;SI;SI;NO;NO;164,588;167,588;C/A CAJA PROX/C 174,588., C/F CABINA
P409HVY;24/09/2025;NO;NO;NO;NO;NO;NO;C/MANGUERA HIDRAULICA, REPAR ARNES ELECTRICO
P003GTQ;24/09/2025;SI;SI;NO;NO;176,385;179,385;C/F CABINA, C/CREMALLERA Y TERMINAL DIRECC
P131KJT;24/09/2025;NO;NO;NO;NO;NO;NO;C/2 CRUCES TRANSMISION, C/2 TORNILLOS ESTABILIZADORES
P574JHX;24/09/2025;SI;SI;SI;NO;184,970;189,970;C/F CABINA, C/BUFAS TRASERAS
P125GFY;24/09/2025;SI;SI;NO;NO;197,849;200,849;C/A CAJA PROX C/207,849,. C/F CABINA
P685KXP;25/09/2025;NO;NO;NO;NO;NO;NO;REPARACION PERDIDA DE POTENCIA
P598JJD;25/09/2025;SI;SI;NO;NO;141,365;144,365;C/F CABINA
P601LFN;25/09/2025;SI;NO;NO;NO;137,852;140,852;C/A CAJA PROCX/C 147,852,. C/F CABINA
P162KGT;25/09/2025;SI;NO;NO;SI;61,395;64,395;C/DISCOS TRASER Y PASTILLAS TRASER, C/FRICCIONES TRASERAS, DESMONT Y MONTAJE MORDAZA TRASER IZQ
P737GRC;25/09/2025;NO;NO;NO;NO;NO;NO;C/TENSOR DE FAJA
P810KRH;25/09/2025;NO;NO;NO;NO;NO;NO;MANTENIMIENTO CALLIPER, CALIBRACION ANGULO DE GIRO CON SCANER
P110FBL;25/09/2025;NO;NO;NO;NO;NO;NO;C/POLEA CIGÜEÑAL
P739JJY;26/09/2025;SI;NO;NO;NO;146,759;149,759;
P245LFV;26/09/2025;SI;SI;NO;NO;152,612;155,612;C/A CAJA PROX/C 162,612., C/F CABINA, LAV MOTOR
P132KYW;26/09/2025;SI;NO;NO;SI;19,852;24,852;C/F CABINA, SCANER
P407JDR;26/09/2025;SI;SI;NO;NO;220,586;225,586;C/F CABINA
P173JGH;26/09/2025;SI;SI;NO;NO;82,159;87,159;C/F CABINA
P059KKW;27/09/2025;SI;SI;NO;NO;224,348;229,348;C/F CABINA
P274HXB;27/09/2025;SI;NO;NO;NO;111,315;114,315;
P229KYH;27/09/2025;SI;SI;NO;SI;101,558;106,558;
P621KZS;27/09/2025;SI;SI;NO;NO;291,550;294,550;C/REFRIGERANTE, C/F CABINA
P140DTV;29/09/2025;SI;SI;NO;NO;118,374;1,221,374;
P486JGB;29/09/2025;SI;SI;SI;NO;108,439;113,439;C/F CABINA, LAV DE MOTOR
P077JPX;29/09/2025;SI;SI;NO;SI;78,450;83,450;C/F CABINA
P392KLX;29/09/2025;SI;SI;NO;NO;127,011;130,011;C/F CABINA
P780KLW;29/09/2025;SI;SI;NO;NO;189,411;192,411;C/F CABINA, LAVADO DE MOTOR
P493DHL;29/09/2025;SI;SI;NO;NO;300,680;305,680;
P974KLC;29/09/2025;NO;NO;NO;NO;NO;NO;C/ 2 AMORTIGUADORES TRASEROS
P020HXR;29/09/2025;SI;SI;NO;NO;182,406;185,406;C/F CABINA
P062KSX;29/09/2025;NO;NO;NO;NO;NO;NO;MECANICA VARIA ORDEN NO. 13346
P854KBL;30/09/2025;SI;SI;NO;NO;130,703;135,703;C/F CABINA
P706DLP;30/09/2025;SI;NO;NO;SI;305,000;310,000;
P878JNL;30/09/2025;SI;SI;NO;NO;131,657;134,657;LAVADO DE MOTOR
P027CLX;30/09/2025;SI;NO;NO;NO;201,797;206,797;
P352KLL;30/09/2025;SI;SI;NO;SI;62,644;67,644;C/F CABINA, C/PASTILLAS DELANTERAS
P641JJD;30/09/2025;NO;NO;NO;NO;NO;NO;CAMBIO DE ROTULAS
P988KGH;1/10/2025;SI;NO;NO;NO;104,034;106,034;
P266GKF;1/10/2025;NO;NO;NO;NO;NO;NO;MANT FRENOS TRASER Y DELANT, C/TORNILLOS ESTABILIZADORES
P683JGD;1/10/2025;SI;SI;SI;SI;73,493;48,493;C/F CABINA
P418LJG;1/10/2025;SI;SI;NO;SI;107,155;110,155;C/F CABINA
P666JCX;1/10/2025;NO;NO;NO;NO;NO;NO;DESMONTAJE Y MONTAJE MOTOR DE ARRANQUE
P002HXY;1/10/2025;SI;NO;SI;SI;90;95,066;
P435JGZ;1/10/2025;SI;SI;NO;NO;107,024;110,024;C/F CABINA
P521LCB;1/10/2025;SI;SI;NO;NO;131,126;134,126;C/F CABINA, LAVADO DE MOTOR
P760FLH;1/10/2025;SI;SI;SI;SI;142,710;147,710;C/F CABINA, C/A CAJA, C/A TRANSFER, C/A CATARINAS, MEC VARIA ORDEN NO 13380
P976KTF;1/10/2025;NO;NO;NO;NO;NO;NO;CAMBIO DE CANDELAS
P683JGD;2/10/2025;NO;NO;NO;NO;NO;NO;RECTIF 2 TAMBORES TRASEROS, FRENOS TRASEROS
P510GHH;2/10/2025;SI;SI;SI;SI;119,940;124,940;C/F CABINA, REPARAC CARTER DE MOTOR, LAV MOTOR, FLUSHING
P339KJB;2/10/2025;SU;NO;NO;NO;36,118;41,000;LAVADO DE MOTOR
P455JWF;2/10/2025;NO;NO;NO;NO;NO;NO;CAMBIO DE TERMOSTATO
P148GTM;2/10/2025;SI;NO;NO;SI;186,769;189,769;
P030LCL;2/10/2025;SI;SI;NO;SI;8,402;13,402;C/F CABINA, LAVADO DE MOTOR
P677KPB;2/10/2025;SI;SI;SI;SI;29,435;34,435;C/F CABINA
P106GQQ;2/10/2025;NO;NO;NO;NO;NO;NO;C/MULETAS SUPERIORES DELANTERAS, C/ESTABILIZ TRASERAS
P295HVY;2/10/2025;SI;NO;NO;NO;168,183;171,183;C/F CABINA, C/CREMALLERA DE DIRECCION
P016JGZ;3/10/2025;SI;SI;NO;NO;51,428;54,428;
C603BYG;3/10/2025;SI;NO;NO;SI;54,983;59,983;MANTENIMIENTO FRENOS DELANTEROS, AJUSTE COJINETES DELANTEROS
P869LDN;3/10/2025;NO;NO;NO;NO;NO;NO;CAMBIO DE ALZAS DE RESORTE
P349KLX;3/10/2025;NO;NO;NO;NO;NO;NO;FRENOS TRASEROS
P708KSF;4/10/2025;SI;SI;NO;SI;190,133;193,133;C/F CABINA
P509KNX;4/10/2025;NO;NO;NO;NO;195,717;205,717;C/A CAJA AUTOMATICA
P478JBR;4/10/2025;SI;SI;NO;NO;114,518;117,518;C/F CABINA
P347FMN;4/10/2025;SI;SI;SI;NO;189,387;194,387;C/F CABINA, LAVADO DE MOTOR
P917KWD;4/10/2025;SI;SI;NO;NO;193,600;196,300;
P616JCX;4/10/2025;SI;SI;NO;NO;117,201;120,201;C/F CABINA
P776KND;4/10/2025;SI;NO;NO;NO;33,975;38,975;
P455JWF;4/10/2025;NO;NO;NO;NO;NO;NO;DESMONTAJE Y MONTAJE DE INYECTORES
P945KCY;4/10/2025;NO;NO;NO;NO;NO;NO;MANTENIMIENTO CUERPO ACELARACION, LAVADO DE MOTOR
C757BVX;6/10/2025;SI;SI;SI;SI;77,145;82,145;
P127FRW;6/10/2025;SI;NO;NO;NO;181,461;184,461;
P863JGY;6/10/2025;SI;SI;NO;NO;28,068;31,068;C/F CABINA
P052HWL;6/10/2025;NO;NO;NO;NO;NO;NO;C/ PASTILLAS DELANTERAS
P977KCY;6/10/2025;NO;NO;NO;NO;NO;NO;RECTIF DE 4 DISCOS, FRENOS DELANT Y TRASEROS
C603BYG;7/10/2025;NO;NO;NO;NO;NO;NO;LIMPIEZA FILTRO BOMBA DE INYECCIION
P738JWF;7/10/2025;SI;SI;NO;NO;32,418;35,418;C/F CABINA
P005KHB;7/10/2025;SI;SI;NO;SI;79,556;84,556;
P091JFJ;7/10/2025;NO;NO;NO;NO;NO;NO;CAMBIO DE LIQUIDO HIDRAULICO
P620KLW;7/10/2025;SI;NO;NO;SI;116,485;121,485;
P915CVM;7/10/2025;SI;SI;NO;NO;142,011;145,011;MECANICA VARIA ORDEN NO. 13428
P698JXN;8/10/2025;SI;SI;NO;NO;101,073;104,073;
P755JVT;8/10/2025;SI;NO;NO;NO;47,588;52,588;
P146GJL;8/10/2025;SI;SI;NO;NO;184,753;187,753;C/F CABINA
P350HVY;8/10/2025;SI;SI;NO;NO;79,162;84,162;
C783BVC;8/10/2025;SI;SI;NO;SI;72,315;77,315;
P180JGZ;8/10/2025;SI;NO;NO;NO;127,878;130,878;C/A CAJA PROX 137,878
C896BYV;9/10/2025;SI;NO;NO;SI;36,147;41,147;
P728KDB;9/10/2025;NO;NO;NO;NO;NO;NO;C/BOMBA Y BOOSTER DE FRENO
P011HWS;9/10/2025;SI;NO;NO;NO;142,261;145,261;
P180JGZ;9/10/2025;NO;NO;NO;NO;NO;NO;CAMBIO DE ROTULA
P728KDB;9/10/2025;NO;NO;NO;NO;NO;NO;C/2 GUARDAPOLVO FLECHA, C/RETENEDOR FLECHA, C/AMORTIGUADOR DELANT IZQ
P820HYV;9/10/2025;NO;NO;NO;NO;NO;NO;DESMONT Y MONTAJE INYECTORES, PRUEBA DE SENSORES
P780GLQ;9/10/2025;NO;NO;NO;NO;NO;NO;MECANICA VARIA ORDEN NO. 13433
P754FQC;10/10/2025;SI;NO;NO;SI;186,624;188,624;REPARACION DEL PEDAL DE FRENO
P939KYG;10/10/2025;SI;NO;NO;NO;304,033;307,033;A/CATARINA, NIVELADO
P539DGT;10/10/2025;SI;SI;NO;SI;285,469;290,469;C/F CABINA
P655GMD;10/10/2025;NO;NO;NO;NO;NO;NO;C/EMPAQUE TAPADERA VALVULAS, LAV DE MOTOR
P697GKN;10/10/2025;SI;NO;NO;NO;158,801;161,801;
P843JTW;10/10/2025;SI;NO;NO;NO;157,783;160,783;LIQUIDO HIDRAULICO
P912JJD;10/10/2025;SI;NO;NO;NO;107,146;110,146;C/BUSHING DE MULETAS DELANT, C/EMPAQUE TAPA VALVULA
P832GYP;10/10/2025;SI;NO;NO;NO;71,709;76,709;FLUSHING, LAV MOTOR, RECTIF TAMBORES, FRENOS TRASEROS
P320GCH;11/10/2025;SI;NO;NO;NO;125,713;128,713;
P400LBT;11/10/2025;SI;NO;NO;NO;142,786;145,786;
P307GTP;11/10/2025;SI;NO;NO;NO;110,331;113,331;C/F CABINA
P579FKY;11/10/2025;SI;SI;NO;NO;185,018;190,018;C/F CABINA
P110LBT;11/10/2025;SI;NO;NO;NO;145,316;148,316;AJUSTE FAJA DE ACCESORIOS
P145FZT;11/10/2025;SI;SI;NO;SI;110,335;115,335;C/F CABINA
P580LBK;11/10/2025;SI;NO;NO;NO;204,414;207,414;
P838KYG;11/10/2025;SI;SI;NO;NO;72,453;75,453;C/A CAJA AUTOMATICA PROX 82,453
P333LKC;11/10/2025;SI;NO;NO;SI;1,623;6,623;
P985GJQ;11/10/2025;NO;NO;NO;NO;NO;NO;MECANICA VARIA ORDEN NO. 13459
P358KCY;13/10/2025;NO;NO;NO;NO;NO;NO;C/MANGUERA RUEDA IZQUIERDA TRASERA
P453KGY;13/10/2025;SI;SI;NO;SI;34,924;39,924;C/F CABINA
P344KWQ;13/10/2025;SI;SI;NO;NO;101,184;104,184;
P070JJF;13/10/2025;SI;NO;NO;NO;88,082;91,082;
P843JTW;13/10/2025;NO;NO;NO;NO;NO;NO;C/MANGUERAS HIDRAULICAS
P483GRW;14/10/2025;SI;NO;NO;NO;159,204;161,204;
P810KRH;14/10/2025;NO;NO;NO;NO;NO;NO;CAMBIO DE BUFA TRASERA IZQUIERDA
P268JLM;14/10/2025;SI;SI;SI;SI;77,405;82,405;
P791JGX;14/10/2025;NO;NO;NO;NO;NO;NO;INSTALACION DE BUSHING
P509LFV;15/10/2025;SI;SI;NO;NO;142,089;145,089;C/F CABINA, LAVADO DE MOTOR
P843JTW;15/10/2025;NO;NO;NO;NO;NO;NO;RECTIF DISCOS DELANTEROS, FRENOS DELANTEROS, C/GUARDAPOLVO FLECHA
P932HZW;15/10/2025;SI;NO;NO;NO;162,531;197,531;
P185HVY;15/10/2025;NO;NO;NO;NO;NO;NO;C/PUNTAS FLECHA
P335FTY;15/10/2025;SI;SI;NO;NO;133,186;135,186;
P534KPB;15/10/2025;SI;NO;NO;SI;27,970;32,970;RECTIF DISCOS DELANT Y TASEROS, FRENOS DELANT Y TRASEROS
P090DRC;15/10/2025;SI;NO;NO;NO;199,236;201,236;C/A CAJA PROX/C 209,236
P011HWS;15/10/2025;NO;NO;NO;NO;NO;NO;C/RETENEDOR FLECHA DERECHA
P810HPC;15/10/2025;NO;NO;NO;NO;NO;NO;MECANICA VARIA ORDEN NO. 13448
P359LDR;16/10/2025;SI;NO;NO;NO;5,363;10,363;
P335JVV;16/10/2025;SI;SI;NO;NO;124,469;129,469;
P710FLS;16/10/2025;SI;NO;NO;NO;114,321;117,321;REPARACION DE MOTOR, C/CARGADOR
P528GTC;16/10/2025;NO;NO;NO;NO;296,942;311,942;C/ACEITE CAJA AUTOMATICA
P754JXX;16/10/2025;SI;SI;NO;SI;37,123;42,123;C/F CABINA, LAVADO DE MOTOR
C877CBW;17/10/2025;NO;NO;SI;NO;NO;NO;PLACAS ANTERIORES C603BYG
P909JQS;17/10/2025;SI;SI;NO;NO;151,400;154,400;CAMBIO DE CANDELAS
C177BWZ;17/10/2025;SI;SI;SI;SI;84,602;89,602;
P065FZQ;17/10/2025;NO;NO;NO;NO;NO;NO;MANTENIMIENTO DE FRENOS
P060JDJ;17/10/2025;SI;NO;SI;SI;75,734;80,734;
P069HXY;17/10/2025;SI;SI;NO;NO;181,516;184,516;
P600GDG;17/10/2025;NO;NO;NO;NO;NO;NO;REPARACION FALLO Y CUERPO ACELERACION
P295HVY;17/10/2025;NO;NO;NO;NO;NO;NO;CAMBIO DE 2 BUFAS TRASERAS
P326BGL;17/10/2025;NO;NO;NO;NO;NO;NO;C/MULETAS INFERIORES DELANTERAS, C/HULE EJE CARDAN DELANTERO
P486KQK;18/10/2025;SI;SI;NO;SI;116,801;119,801;
P234LFV;18/10/2025;SI;SI;NO;NO;86,508;89,508;C/F CABINA, C/A CAJA PROX 96,508
P380KPM;18/10/2025;SI;SI;NO;NO;195,678;200,678;
P372JVV;18/10/2025;NO;NO;NO;NO;NO;NO;RECTIF DISCOS DELANT Y TRASEROS, FRENOS DELANT Y TRASEROS
P920FPC;18/10/2025;SI;SI;NO;NO;92,011;97,011;
P543KLX;18/10/2025;SI;SI;NO;NO;137,801;140,801;C/F CABINA
P554FFX;18/10/2025;NO;NO;SI;NO;NO;NO;MECANICA VARIA ORDEN NO.13454 Y 13399
P789GKF;18/10/2025;SI;SI;NO;NO;20,795;26;RECTIF TAMBORES, FRENOS TRASEROS
P899JWS;21/10/2025;SI;NO;NO;NO;178,759;183,759;
P379JXW;21/10/2025;SI;SI;NO;SI;78,621;83,621;C/F CABINA
P879JQQ;21/10/2025;SI;NO;NO;NO;132,975;137,975;
P348LCB;21/10/2025;SI;SI;NO;NO;90,246;93,246;C/F CABINA
P906KVY;21/10/2025;SI;NO;T/A SI;SI;57,491;62,491;
P276JTF;21/10/2025;SI;SI;SI;SI;99,917;104,917;C/F CABINA
P412BKZ;21/10/2025;SI;NO;NO;SI;353,027;358,027;
P350HVY;20/10/2025;NO;NO;NO;NO;80,025;95,025;C/A CAJA AUTOMATICA
P266GKF;20/10/2025;SI;NO;NO;NO;104,103;109,103;
P858KXP;20/10/2025;SI;SI;NO;NO;117,233;122,233;C/F CABINA, C/PASTILLAS TRASERAS
P538HXB;20/10/2025;NO;NO;NO;NO;NO;NO;FRENOS DELANT Y TRASEROS, RECTIF DISCOS DELANT Y TRASEROS
P997DQK;20/10/2025;SI;SI;NO;NO;68,312;71,312;SCANER
P661KBH;22/10/2025;NO;NO;NO;NO;NO;NO;FRENOS DELANT Y TRASEROS, RECTIF DISCOS Y TAMBORES
P435JTG;22/10/2025;NO;NO;NO;NO;NO;NO;MANT FRENOS DELANT Y TRASEROS, C/FRICCIONES TRASERAS
P090DRC;22/10/2025;NO;NO;NO;NO;NO;NO;C/BOMBA ACEITE Y FAJA DE TIEMPO
P564JKB;23/10/2025;SI;SI;NO;NO;89,883;94,883;C/F CABINA
P460FLQ;23/10/2025;SI;SI;SI;SI;182,791;187,791;LAV DE MOTOR, FLUSHING
P292JTG;23/10/2025;SI;SI;NO;SI;182,360;187,360;
P588GKD;24/10/2025;SI;NO;SI;NO;132,434;137,434;
P922KPG;24/10/2025;SI;NO;NO;NO;23,951;28,951;
P826KQK;24/10/2025;NO;NO;NO;NO;211,168;221,168;C/A CAJA AUTOMATICA, FLUSHING
P495LHY;24/10/2025;SI;SI;SI;NO;10,342;15,000;C/F CABINA, LAVADO DE MOTOR
P629LFN;24/10/2025;SI;SI;NO;NO;164,126;167,126;C/F CABINA
C445CBK;24/10/2025;SI;NO;NO;NO;81,906;86,906;
P599DHS;24/10/2025;SI;SI;NO;NO;142,464;147,464;C/F CABINA
P155KBH;24/10/2025;SI;SI;SI;SI;78,876;83,876;C/F CABINA, FLUSHING, LAV DE MOTOR
P065FRB;24/10/2025;NO;NO;NO;NO;NO;NO;RECTIF DISCOS TRASEROS, C/MULETAS TRASERAS, FRENOS TRASEROS
C560BSN;25/10/2025;SI;SI;SI;SI;357,051;362,051;C/F CABINA, LAV DE MOTOR
P186JJF;25/10/2025;SI;SI;NO;NO;60,639;63,639;C/F CABINA
P166LHZ;25/10/2025;SI;NO;NO;SI;7,024;12,024;
P954JNL;25/10/2025;NO;NO;NO;NO;179,000;X;C/A CAJA MECANICA
P083JZK;25/10/2025;NO;NO;NO;NO;NO;NO;MANT. FRENOS DELANTEROS, FRENOS TRASEROS, RECTIF, TAMBORES TRASEROS
P237KMZ;27/10/2025;NO;NO;NO;NO;103,311;113,311;C/A CAJA AUTOMATICA
P850DHP;27/10/2025;SI;SI;SI;SI;267,970;272,970;C/A CAJA MECANICA, C/A CATARINAS, C/A TRANSFER
P390GXT;27/10/2025;SI;NO;NO;NO;90,611;93,611;
P548JWX;27/10/2025;SI;NO;NO;SI;21,153;26,153;
P101KYH;27/10/2025;SI;SI;NO;NO;109,848;112,848;
P569JGZ;27/10/2025;SI;NO;SI;SI;199,489;204,400;C/A CAJA PROX 229,000
P387JBM;27/10/2028;SI;SI;NO;NO;114,076;119,076;C/F CABINA
P980FBL;27/10/2025;SI;SI;SI;SI;414,659;419,659;C/F CABINA, LAV DE MOTOR
P995JWR;29/10/2025;SI;SI;NO;NO;108,001;113,001;C/F CABINA
P162GPX;29/10/2025;SI;NO;NO;SI;122,148;127,148;
P025HXY;29/10/2025;SI;NO;NO;NO;104,253;107,253;
P453KTC;29/10/2025;SI;SI;NO;NO;73,020;76,000;C/F CABINA
P003GTQ;29/10/2025;NO;NO;NO;NO;NO;NO;C/MOTOR DE ARRANQUE, REPARACION FUGA REFRIGERANTE
P267KYH;29/10/2025;SI;SI;NO;NO;71,131;74,131;C/F CABINA
P900KCY;29/10/2025;SI;SI;NO;NO;112,212;115,212;
P189DJN;29/10/2025;NO;NO;NO;NO;NO;NO;C/2 FAJAS, C/3 MANGUERAS DE REFRIGERANTE
P270KVB;29/10/2025;NO;NO;NO;NO;NO;NO;C/COJINETE DELANT IZQ, DESMONTAJE Y MONTAJE AMORTIGUADOR DEREC, C/AMORTIGUADOR DELANT IZQ
P330GNW;29/10/2025;SI;NO;NO;NO;168,602;171,602;C/F CABINA, FLUSHING MEC VARIA ORDEN 13511
P357HYT;30/10/2025;SI;NO;NO;NO;123,405;126,405;
P110KLD;30/10/2025;SI;NO;NO;NO;126,493;129,493;
P449GQQ;30/10/2025;SI;NO;NO;NO;138,779;141,779;
P438JXY;30/10/2025;SI;SI;NO;NO;60,713;65,713;C/F CABINA
P458KPV;30/10/2025;NO;NO;NO;NO;146,637;156,637;C/A CAJA AUTOMATICA, LAVADO DE MOTOR
P672JFV;30/10/2025;SI;SI;NO;NO;130,603;133,600;C/F CABINA
P590KYG;30/10/2025;NO;NO;NO;NO;171,356;191,356;C/A CAJA AUTOMATICA C/DIALISIS, DIAGNOSTICO Y REMPLAZO CUERPO VALVULAS
P600GDG;31/10/2025;SI;SI;NO;NO;232,671;234,671;C/F CABINA
P455JWF;31/10/2025;SI;NO;NO;NO;147,471;150,471;
P587GKP;31/10/2025;SI;NO;NO;NO;83,812;86,812;C/F CABINA
P760FLH;31/10/2025;NO;NO;NO;NO;NO;NO;C/BOMBA COMPENSADORA
P780KLW;31/10/2025;NO;NO;NO;NO;190,875;200,875;C/A CAJA AUTOMATICA, C/CARGADOR MOTOR, C/EMPAQUE TAPA VALVULAS
P976GTG;3/11/2025;SI;SI;SI;NO;119,049;124,000;C/F CABINA
P949JRY;3/11/2025;SI;SI;NO;NO;84,427;87,427;C/A CAJA PROX 94,427.. C/F CABINA
P600GDG;3/11/2025;NO;NO;NO;NO;NO;NO;RECTIF DE TAMBORES Y DISCOS, FRENOS DELANT Y TRASER
P976KTF;3/11/2025;SI;SI;NO;NO;103,087;106,087;C/F CABINA
P980FBL;3/11/2025;NO;NO;NO;NO;NO;NO;C/DISCOS DELANTEROS Y PASTILLAS DELANT, RECTIF TAMBORES, FRENOS TRASEROS
P780GCQ;3/11/2025;SI;NO;NO;NO;178,072;181,000;
P728KDB;3/11/2025;SI;SI;NO;NO;200,110;202,110;
432DLB;4/11/2025;SI;NO;NO;NO;193,703;196,703;C/PASTILLAS DELANTERAS Y TRASERAS
P822DNG;4/11/2025;SI;NO;NO;NO;148,935;150,935;
P056DPG;4/11/2025;SI;SI;SI;SI;161,965;166,965;
P724CLW;4/11/2025;NO;NO;NO;NO;216,460;231,460;C/ACEITE CAJA
P867LBM;4/11/2025;SI;SI;NO;NO;60,623;63,623;C/F CABINA, ESCANER
P786LDN;4/11/2025;SI;NO;NO;NO;69,087;72,087;C/F CABINA
P574JHX;4/11/2025;SI;NO;NO;SI;190,549;195,549;
P947GCH;4/11/2025;SI;SI;NO;NO;103,941;106,941;
P768FKB;4/11/2025;SI;SI;NO;NO;128,966;130,966;
P692FKB;4/11/2025;NO;NO;NO;NO;NO;NO;RECTIF DISCOS DELANTEROS, FRENOS DELANTEROS, C/2 TERMINAL DE DIRECCION
P746KQK;5/11/2025;SI;SI;NO;NO;163,136;165,136;C/F CABINA
P508KCY;5/11/2025;SI;NO;NO;NO;101,285;104,285;C/FAJA DE ACCESORIOS
P997DQK;5/11/2025;NO;NO;NO;NO;NO;NO;REPARACION SENSOR ABS RUEDA DELANT IZQUIE
C274BSF;5/11/2025;SI;SI;NO;NO;126,921;131,921;
P114LHL;6/11/2025;NO;NO;NO;NO;NO;NO;MANTENIMIENTO DE FRENOS DELANT Y TRASER.
P207KYV;6/11/2025;SI;NO;NO;NO;12,486;17,486;
P072JGZ;6/11/2025;NO;NO;NO;NO;NO;NO;C/BOMBA DE AGUA Y  FAJA ACCESORIOS
P131KZZ;7/11/2025;SI;SI;SI;SI;12,827;17,827;
P744KZS;7/11/2025;SI;SI;NO;NO;206,725;208,725;C/2 TERMINALES DE BATERIA, C/BOMBA AUX Y CENTRAL DE CLOHS
P595KBJ;7/11/2025;SI;NO;SI T/A SI;SI;62,734;67,734;C/F CABINA
P292JTG;7/11/2025;NO;NO;NO;NO;NO;NO;CAMBIO DE FAJA
P412LLC;7/11/2025;SI;SI;NO;NO;128,767;131,767;C/F CABINA, FRENOS TRASEROS, RESCTIF DISCOS TRASEROS, C/DISCOS DELANT Y PASTILLAS, C/TENSOR DE FAJA
P344KWQ;10/11/2025;SI;NO;NO;NO;101,613;104,613;
P380KVB;10/11/2025;SI;SI;NO;NO;131,831;134,831;C/F CABINA
C163BSM;10/11/2025;SI;SI;SI;SI;192,589;197,589;
P661GFX;10/11/2025;NO;NO;NO;NO;NO;NO;MECANICA VARIA ORDEN NO. 13602
P666JCX;11/11/2025;SI;NO;NO;NO;232,899;234,899;
P912JJD;11/11/2025;NO;NO;NO;NO;108,082;118,082;C/A CAJA AUTOMATICA
P498LFN;11/11/2025;SI;SI;NO;NO;80,135;83,135;C/F CABINA
P424KBH;11/11/2025;SI;SI;NO T/A SI;SI;127,668;132,668;
P869LDN;11/11/2025;NO;NO;NO;NO;115,318;130,318;C/A CAJA AUTOMATICA
P028LFW;11/11/2025;SI;SI;NO;NO;77,084;80,084;C/F CABINA
P073JQM;12/11/2025;SI;NO;NO;NO;108,863;111,863;
P097FQF;12/11/2025;SI;SI;SI;NO;260,130;265,130;ASPIROMETRO EN MAL ESTADO
P261BNB;12/11/2025;SI;NO;SI;SI;420,265;425,265;REPARACION ROSCA CARTER DE MOTOR
P600GDG;12/11/2025;NO;NO;NO;NO;NO;NO;MANTENIMIENTO FRENOS TRASEROS
P666JCX;12/11/2025;NO;NO;NO;NO;232,906;252,906;C/A CAJA AUTOMATICA CON DIALISIS
P222LJG;12/11/2025;SI;SI;NO;NO;107,057;110,057;C/A CAJA AUTO. PROX/S 117,057.. REPARACION TAPA DE COMBUSTIBLE
P440KPN;12/11/2025;SI;SI;SI;SI;133,050;138;C/F CABINA, FRENOS TRASEROS, RECTIFICACION DE TAMBORES
P340KCG;13/11/2025;SI;NO;NO;NO;266,070;271,070;
P655GMD;13/11/2025;NO;NO;NO;NO;NO;NO;FRENOS DELANTEROS, C/ESPARRAGOS DELANT DERECHO
P841KVK;13/11/2025;SI;SI;SI T/A SI;SI;43,448;48,448;FRENOS DELANTEROS Y TRASEROS
P683JGD;13/11/2025;SI;SI;SI;SI;79,315;84,315;C/F CABINA, LAVADO DE MOTOR
P335HXY;13/11/2025;SI;SI;SI;SI;92,138;97,138;
P576JZL;13/11/2025;SI;SI;SI;SI;48,261;53,261;C/F CABINA, FRENOS TRASEROS, RECTIF TAMBORES
P194KTM;13/11/2025;NO;NO;NO;NO;NO;NO;RECTIF DISCOS Y TAMBORES, FRENOS DELANT Y TRASEROS
P229KYH;14/11/2025;SI;NO;NO;SI;106,173;111,173;
P857LCG;14/11/2025;SI;SI;SI;SI;16,000;21,000;
P554JJD;14/11/2025;NO;NO;NO;NO;NO;NO;MANTENIMIENTO FRENOS DELANTEROS Y TRASEROS
P176LLC;14/11/2025;SI;NO;NO;NO;157,600;159,600;PLACA ANTERIOR P506HSS, C/TERMINAL DE BARERIA
P347HVY;14/11/2025;SI;NO;NO;NO;212,522;215,522;C/A CAJA PROX/C 222,522, FRENOS DELANT Y TRASEROS, RECTIF DISCOS
P602JBJ;14/11/2025;NO;NO;NO;NO;NO;NO;C/GUARDAPOLVO FLECHA TRASERA Y COPA FLECHA, C/ESTABILIZADORAS TRASERAS, REPARAC. CABLE DE CARGA
P012KJS;14/11/2025;SI;SI;NO;NO;58,797;61,797;C/F CABINA, FRENOS DELANT Y TRASEROS, RECTIF DISCOS
P409CZQ;15/11/2025;SI;NO;NO;NO;184,210;187,210;
P323KCZ;15/11/2025;SI;SI;NO;NO;127,774;130,774;C/F CABINA
P176GSF;15/11/2025;SI;SI;SI;NO;114,115;119,115;C/F CABINA
P924JFH;15/11/2025;SI;NO;NO;NO;178,433;181,433;
P669KBZ;15/11/2025;SI;SI;NO;NO;80,979;85,979;C/F CABINA
P408KJD;15/11/2025;SI;SI;SI;NO;133,146;138,146;C/FAJA DE ACCESORIOS
P267KYH;15/11/2025;NO;NO;NO;NO;NO;NO;MECANICA VARIA ORDEN NO. 13681
P049GWX;15/11/2025;NO;NO;NO;NO;NO;NO;DIAGNOSTICO FALLO, C/COJINETES DELANT. FRENOS DELANTEROS
P854KBL;17/11/2025;SI;NO;NO;SI;84,475;87,475;
P620KNJ;17/11/2025;SI;NO;NO;NO;41,966;46,966;
P364JGY;17/11/2025;SI;SI;NO;SI;136,284;141,284;
P923FBW;17/11/2025;SI;NO;NO;NO;169,066;171,066;
P561KYG;17/11/2025;SI;SI;NO;NO;82,900;85,900;C/F CABINA
P429KTD;17/11/2025;SI;SI;NO;NO;111,807;114,807;
P964HZL;17/11/2025;SI;SI;NO;NO;131,241;134,241;
P181kgy;17/11/2025;SI;NO;SI T/A SI;SI;30,281;35,281;C/F CABINA
P223GMP;17/11/2025;SI;SI;SI;NO;175,670;180,670;C/F CABINA, MECANICA VARIA ORDEN 13696
P663JKC;17/11/2025;SI;NO;NO;SI;107,270;112,270;
P184KMZ;18/11/2025;NO;NO;NO;NO;NO;NO;REPARACION FRENO DE MANO Y AJUSTE CABLE DE CAMBIO
P797FHV;18/11/2025;SI;NO;SI;NO;178,572;183,572;LAVADO DE MOTOR
P149DRN;18/11/2025;SI;SI;NO;NO;271,756;273,756;
P724CLW;18/11/2025;SI;SI;NO;NO;217,149;222,149;
P957DJV;18/11/2025;SI;SI;SI;SI;S/F;S/F;
P608HWR;18/11/2025;SI;SI;NO;NO;103,917;106,917;
P289KNK;18/11/2025;SI;SI;NO;NO;39,818;44,818;C/F CABINA
P209LLC;18/11/2025;SI;NO;NO;NO;147,214;150,214;
P198HTK;18/11/2025;NO;NO;NO;NO;148,924;163,924;C/A CAJA AUTOMATICA
P679KXX;18/11/2025;SI;NO;NO;NO;21,130;26,130;
C964BVQ;18/11/2025;SI;SI;SI;SI;114,158;119,158;MANTENIMIENTO FRENOS DELANTEROS
P146GJL;19/11/2025;SI;SI;NO;NO;188,181;191,181;C/F CABINA, LAVADO DE MOTOR
P221JXJ;19/11/2025;SI;NO;NO;NO;S/F;S/F;C/F CABINA
P865KSF;19/11/2025;NO;NO;NO;NO;NO;NO;C/BOMBA CENTAL DE CLUTCH
P261BNB;19/11/2025;X;X;X;X;X;X;C/TERMINALES DE DIRECCION
P771KYG;19/11/2025;SI;NO;NO;NO;145,352;149,352;
P123KHY;19/11/2025;SI;SI;NO;NO;150,129;153,129;C/F CABINA
P323KCZ;19/11/2025;NO;NO;NO;NO;NO;NO;C/CREMALLERA DIRECCION, C/ESTABILIZADORAS, C/RADIADOR
P003HXY;19/11/2025;SI;SI;NO;NO;86,041;89,041;C/F CABINA, MECANICA VARIA ORDEN NO. 13667
P063LJW;20/11/2025;SI;SI;NO;NO;148,613;151,613;C/A CAJA PROX/C 168,613., C/F CABINA, MEC VARIA ORDEN NO. 13725
P186JNS;20/11/2025;NO;SI;NO;NO;NO;NO;DIAGNOSTICO Y MANTENIM SISTEMA EGR
P913GWK;21/11/2025;NO;NO;NO;NO;207,818;217,818;C/A CAJA AUTOMATICA
P602HZZ;21/11/2025;NO;NO;NO;NO;NO;NO;C/PASTILLAS DELANTERAS
P250KVT;21/11/2025;SI;NO;NO;NO;147,159;150,159;C/A CAJA AUTOM. PROX/C 157,159,. C/TERMINAL DE DIRECCION DERECHA
P273KFR;21/11/2025;SI;NO;NO;NO;101,429;104,429;
P949KNK;22/11/2025;SI;SI;SI;SI;100,433;105,433;C/F CABINA
P881GJL;22/11/2025;SI;NO;NO;SI;205,041;208,041;
P641JJD;22/11/2025;SI;NO;NO;NO;228,571;231,571;C/A CAJA AUTOMATICA PROX/C 238,571
P090FHR;22/11/2025;NO;NO;NO;NO;NO;NO;MEC VARIA ORDEN NO. 13735
P766DVX;22/11/2025;SI;SI;NO;NO;109,872;111,872;MEC VARIA ORDEN NO. 13734
P510KVW;24/11/2025;SI;NO;NO;NO;136,372;139,372;
P366HXB;24/11/2025;SI;NO;NO;NO;105,698;108,698;
P702JYY;24/11/2025;SI;SI;SI T/A SI;SI;88,526;93,526;C/F CABINA, LAVADO DE MOTOR
C877CBW;24/11/2025;NO;NO;NO;NO;NO;NO;MANTENIMIENTO FRENOS DELANT IZQUIERDO
P833JTX;24/11/2025;SI;NO;NO;NO;39,924;44,924;
P592GVJ;24/11/2025;SI;SI;NO;NO;79,689;82,689;
C109BYF;24/11/2025;SI;NO;NO;SI;41,522;46,522;
p309JKC;25/11/2025;SI;SI;SI;SI;76,948;81,948;
P524KZS;25/11/2025;SI;SI;NO;NO;214,551;217,551;
P769LFN;25/11/2025;SI;NO;NO;NO;74,644;77,644;
P869LDN;25/11/2025;SI;NO;NO;NO;115,612;120,612;C/F CABINA
P970HXQ;25/11/2025;NO;NO;NO;NO;NO;NO;MANTENIMIENTO FLECHAS DELANTERAS, REPARACION FUGA CAJA AUTOMATICA
P569GBM;25/11/2025;NO;NO;NO;NO;NO;NO;C/BUFA TRASERA DERECHA, C/RETENEDOR POLEA CIGÜEÑAL
P591GYZ;25/11/2025;NO;NO;NO;NO;NO;ON;FRENOS DELANT, MANTEIMIENTO FRENOS TRASER, C/EMPAQUE TAPA VALVULAS
P065FRB;25/11/2025;NO;NO;NO;NO;NO;NO;C/AMORTIGUADORES DELANTEROS
P340KCG;25/11/2025;NO;NO;NO;NO;NO;NO;FRENOS TRASEROS, RECTIF, 2 DISCOS TRASEROS, C/FAJA, TENSOR Y 2 POLEAS
P486FJP;25/11/2025;SI;NO;NO;NO;169,763;171,263;SOLO SE LE DIERON 1500 MILLAS, C/EMPAQUE CULATA
P375FJJ;26/11/2025;SI;SI;NO;NO;184,633;189,633;ROTACION DE LLANTAS
P602HZZ;26/11/2025;SI;SI;NO;NO;298,601;303,601;C/F CABINA
P140DTV;26/11/2025;NO;NO;NO;NO;NO;NO;REPARACION FUGA DE ACEITE, C/FAJA
P224JBK;26/11/2025;SI;NO;NO;NO;149,992;152,992;
P015JCX;26/11/2025;SI;NO;NO;NO;428,736;433,736;
P366HXB;26/11/2025;NO;NO;NO;NO;NO;NO;RECTIFICACION DE DISCOS, FRENOS DELANT. Y TRASEROS
916JZH;27/11/2025;SI;NO;NO;NO;35,033;38,033;
C828BVV;27/11/2025;SI;NO;SI (2);SI;33,301;38,301;
P438KBZ;27/11/2025;SI;SI;SI;SI;40,000;45,000;C/F CABINA
P058FKL;27/11/2025;SI;SI;NO;NO;161,863;164,863;C/F CABINA, C/A CAJA AUTOM PROX/171,863
P688FYW;27/11/2025;SI;SI;NO;SI;335,776;340,776;
P097JXN;27/11/2025;NO;NO;NO;NO;NO;NO;MANTENIMIENTO CUERPO ACELERACION, MANTENIMIENTO FRENO DE MANO
C877CBW;27/11/2025;NO;NO;NO;NO;NO;NO;C/HULES ESTABILIZADORES
P031LHL;27/11/2025;SI;NO;NO;NO;136,006;141,006;C/F CABINA
P716KBY;27/11/2025;SI;NO;SI;NO;55,768;60,768;LAVADO DE MOTOR
P044JKM;27/11/2025;SI;SI;NO;NO;114,097;116,097;
P848JCX;27/11/2025;NO;NO;NO;NO;NO;NO;RECTIF. DISCOS DELANTEROS, FRENOS DELANTEROS
P076BNS;27/11/2025;SI;NO;SI (2);SI;250,757;253,757;C/SOPORTE TRANSMISION Y 3 CRYCES TRANSMISION
HBM6224;28/11/2025;NO;NO;NO;NO;NO;NO;ACEITE CATARINA
P120KLX;29/11/2025;SI;NO;NO;SI;54,443;57,443;LAVADO DE MOTOR
P928JRT;28/11/2025;SI;SI;NO;NO;215,820;217,820;
P449GQQ;28/11/2025;NO;NO;NO;NO;140,145;150,145;C/A CAJA AUTOMATICA
P966CMC;28/11/2025;SI;SI;NO;NO;240,120;245,120;C/F CABINA
P175JVT;28/11/2025;SI;SI;SI;SI;15,000;20,000;C/F CABINA
P951KSS;28/11/2025;SI;SI;NO;NO;151,598;154,598;
P051GXP;28/11/2025;SI;NO;SI;SI;136,133;141,133;
C515BWF;28/11/2025;SI;SI;SI;SI;93,982;38,982;
P897JRM;28/11/2025;SI;NO;NO;SI;68,861;73,861;
P018GRC;28/11/2025;NO;NO;NO;NO;NO;NO;FRENOS DELANTEROS, RECTIF DISCOS DELANTEROS
P691FFD;28/11/2025;NO;NO;NO;NO;NO;NO;DIAGNOSTICO Y C/SENSOR CKP
P344KWQ;28/11/2025;NO;NO;NO;NO;NO;NO;C/EMPAQUE CULATA, BOMBA DE AGUA, MANTENIMEINTO MOTOR ARRANQUE, LAV MOTOR
P241LLC;29/11/2025;SI;SI;NO;NO;136,005;139,005;C/F CABINA
P750FNQ;29/11/2025;SI;SI;NO;NO;236,776;241,776;C/F CABINA
P515GKB;29/11/2025;SI;SI;NO;NO;138,746;141,746;C/F CABINA
P120LJG;29/11/2025;SI;NO;NO;NO;110,288;113,288;
P544LFQ;29/11/2025;NO;NO;NO;NO;NO;NO;RECTIF TAMBORES TRASEROS, C/RETENEDOR FLECHA DERECHA TRASERA, FRENOS TRASEROS
P431HXB;29/11/2025;SI;SI;NO;NO;81,172;84,172;C/A CAJA AUTOMATICA PROX/C 91,172
P561KYG;29/11/2025;NO;NO;NO;NO;83,381;93,381;C/A CAJA AUTOMATICA
P722FPK;29/11/2025;SI;SI;NO;SI;194,923;199,923;
P305FQC;29/11/2025;SI;SI;NO;SI;121,517;125,517;
P521JSG;1/12/2025;SI;SI;NO;SI;55,786;60,786;C/F CABINA
P052HWL;1/12/2025;SI;SI;NO;SI;48,497;53,497;C/F CABINA
P873JQC;1/12/2025;SI;SI;NO;SI;104,628;109,628;C/F CABINA
P309KYH;1/12/2025;NO;NO;NO;NO;112,411;132,411;C/A CAJA AUTOMATICA
P846DTV;1/12/2025;SI;NO;NO;SI;S/F;S/F;
P234GGZ;1/12/2025;SI;SI;NO;NO;183,798;186,798;
P785GJL;1/12/2025;NO;NO;NO;NO;NO;NO;C/CREMALLERA DE DIRECCION
P925KWM;1/12/2025;SI;SI;NO;NO;131,062;134,062;
P120KLX;1/12/2025;NO;NO;NO;NO;NO;NO;FRENOS DELANTEROS Y TRASEROS, RECTIF. DISCOS DELANT. Y TRASEROS
P509LFV;2/12/2025;SI;NO;NO;NO;145,115;148,115;
P115JFJ;2/12/2025;SI;NO;NO;NO;144,454;147,454;C/F CABINA, LAVADO DE MOTOR
P141JHB;2/12/2025;SU;NO;NO;NO;98,218;103,218;
P452GVH;2/12/2025;SI;NO;NO;SI;131,556;136,556;
P912JJD;2/12/2025;NO;NO;NO;NO;NO;NO;REPARACION FUGA REFRIGERANTE
P186LFG;2/12/2025;NO;NO;NO;NO;NO;NO;RESCTIF. DISCOS DELANT Y TRASEROS, FRENOS
P977HJJ;3/12/2025;SI;SI;NO;NO;113,659;115,659;
P655GMD;3/12/2025;NO;SI;NO;NO;157,520;159,520;C/A CAJA PROX/C 167,520
P818KWT;3/12/2025;SI;NO;NO;NO;19,261;24,261;
P132KYW;3/12/2025;NO;NO;SI;NO;NO;NO;C/FILTROS DIESEL (2)
P684JRK;3/12/2025;SI;SI;SI;NO;78,754;83,754;C/F CABINA, LAVADO DE MOTOR, FLUSHING
P635JXN;3/12/2025;NO;NO;NO;NO;NO;NO;PRUEBA DE ESTANQUEIDAD
P115JFJ;3/12/2025;NO;NO;NO;NO;NO;NO;REEMPLAZO COJINETE RUEDA DEREC, C/COJINETE FLECHA DERECHA
P140DTV;3/12/2025;NO;NO;NO;NO;NO;NO;C/BASE AMORTIGUADOR Y C/AMORTIGUADOR
P044JKM;3/12/2025;NO;NO;NO;NO;NO;NO;C/TENSOR Y FAJAS DE ACCESORIOS
P975KXN;4/12/2025;SI;SI;NO;SI;157,960;160,960;
C877CBW;4/12/2025;SI;SI;NO;SI;59,976;64,976;
P756LHL;4/12/2025;SI;NO;NO;NO;143,716;146,716;
P359LDR;4/12/2025;SI;NO;NO;NO;11,239;16,239;
P587JFH;4/12/2025;SI;SI;NO;NO;118,783;123,783;
P188JNM;4/12/2025;SI;SI;SI;SI;118,592;123,592;C/A CAJA PROX/C 133,592
P872JXM;4/12/2025;SI;NO;NO;NO;177,254;180,254;MEC VARIA ORDEN NO. 13847
P618JGV;4/12/2025;SI;SI;NO;NO;141,486;144,486;
P962GRC;4/12/2025;SI;SI;NO;NO;98,650;101,650;
P878LHL;4/12/2025;NO;NO;NO;NO;NO;NO;C/ALTERNADOR Y FAJA
P458KPV;4/12/2025;SI;SI;NO;NO;147,477;150,477;
P323KCY;4/12/2025;SI;SI;SI;SI;38,437;42,437;C/F CABINA
P068GNF;4/12/2025;NO;NO;NO;NO;149,281;169,281;C/A CAJA
P589BVK;4/12/2025;SI;NO;NO;NO;187,300;190,300;
P494GNJ;4/12/2025;SI;NO;NO;NO;231,570;234,570;C/TAPA VALVULA, C/EMPAQUE VTEC, C/CARGADORES
426LJG;5/12/2025;SI;NO;NO;NO;53,107;56,107;
P194KTM;5/12/2025;SI;SI;NO;SI;39,773;44,773;C/F CABINA
P515GKB;5/12/2025;NO;NO;NO;NO;138,833;148,833;C/A CAJA AUTOMATICA
P408KRR;5/12/2025;SI;NO;NO;SI;28,445;33,445;
P643JJD;5/12/2025;SI;SI;NO;NO;106,685;111,685;
P429KTD;5/12/2025;NO;NO;NO;NO;NO;NO;MEC VARIA ORDEN NO. 13826
P819GRW;5/12/2025;NO;NO;NO;NO;NO;NO;C/BOMBA HIDRAULICA, DESMONTAJ Y MONTAJE CELENOIDES, LIMPIEZA CELENOIDES, LAV MOTOR
P656HRV;6/12/2025;SI;SI;SI T/A SI;SI;108,728;113,728;C/F CABINA
P103LFT;6/12/2025;SI;SI;NO;NO;164,909;167,909;
P021HWL;6/12/2025;SI;NO;NO;SI;30,922;35,922;LAVADO DE MOTOR
P267KTD;6/12/2025;SI;NO;NO;NO;131,968;134,968;
P582KYG;6/12/2025;SI;NO;NO;NO;95,044;98,044;
P750JKN;6/12/2025;SI;NO;NO;NO;77,655;82,655;REPARACION ROSCA CARTER
P371GBK;6/12/2025;SI;NO;NO;NO;179,849;182,849;C/A CAJA PROX/C 189,849, LAV DE MOTOR
P876DCD;8/12/2025;SI;NO;NO;NO;175,012;178,012;C/A CAJA MECANICA, C/F CABINA
P785JYG;8/12/2025;SI;NO;NO;NO;82,112;85,112;C/ACEITE CAJA PRX/C 92,112
P248KKR;8/12/2025;SI;SI;NO;SI;69,305;74,305;C/F CABINA
P466GKX;9/12/2025;SI;NO;NO;SI;181,080;1,884,080;LAVADO DE MOTOR
P038KYH;9/12/2025;SI;SI;NO;NO;158,595;161,595;
P435JTG;9/12/2025;SI;NO;NO;SI;137,751;142,751;LAVADO DE MOTOR
P997KVQ;9/12/2025;SI;NO;NO;NO;91,798;96,798;
P425KKV;9/12/2025;SI;NO;NO;NO;154,663;157,663;C/A CAJA AUTOM PROX/C 164,663
P618JMP;9/12/2025;SI;SI;NO;NO;105,090;110,090;C/F CABINA, FLUSHING
P455JWF;9/12/2025;SI;SI;NO;NO;149,334;152,334;C/F CABINA, C/PASTILLAS DELANTERAS
P097JXN;9/12/2025;SI;SI;NO;NO;178,013;181,013;C/F CABINA, C/A CAJA AUTOM PROX/C188,013, LAVADO DE MOTOR
P341GDJ;9/12/2025;SI;SI;NO;NO;186,137;189,137;C/A CAJA PROX/C 196,137
P330KNX;9/12/2025;SI;SI;NO;NO;168,754;171,754;C/TOMA DE AGUA
P956JGZ;9/12/2025;SI;NO;NO;NO;275,412;278,412;DESMONTAJE Y MONTAJE DE MOTOR (CAMBIO), C/TABLERO, LAV DE MOTOR
P820JZH;10/12/2025;SI;NO;NO;NO;164,966;167,966;
P005LDP;10/12/2025;SI;NO;NO;NO;153,729;156,729;LAVADO DE MOTOR
P816KCZ;10/12/2025;NO;NO;NO;NO;65,181;95,181;C/A CAJA AUTOMATICA CON TRANSFUSION
P049KRC;10/12/2025;SI;SI;SI T/A SI;SI;15,050;20,050;
397JDL;10/12/2025;SI;SI;SI T/A SI;SI;68,810;73,810;C/F CABINA, LAVADO DE MOTOR
P544FQT;10/12/2025;SI;SI;NO;NO;140,610;145,610;
P735FLF;10/12/2025;SI;NO;NO;NO;119,407;122,407;C/A CAJA PROX/C 129,407
P574JHX;10/12/2025;SI;SI;SI;SI;195,616;200,616;
P903LJV;10/12/2025;SI;NO;NO;NO;122,811;125,811;LAVADO DE MOTOR
P787JMF;10/12/2025;SI;NO;NO;SI;113,381;118,381;RECTIFICACION DISCOS DELANTEROS, FRENOS DELANTEROS
P505KSG;10/12/2025;SI;SI;NO;NO;172,191;175,191;C/F CABINA MEC VARIA ORDEN NO. 13820
P699KNX;11/12/2025;SI;NO;NO;NO;S/F;S/F;
P602HZZ;11/12/2025;NO;NO;NO;NO;NO;NO;MANTENIM. CUERPO ACELERACION, LIMPIEZA CARBURADOR
P267BNB;11/12/2025;SI;SI;NO;SI;210,456;215,456;
P836KCZ;11/12/2025;SI;SI;NO;NO;112,387;115,387;C/F CABINA C/A CAJA PROX/C 122,387
P427GTR;11/12/2025;SI;NO;NO;NO;126,163;129,163;
P135FYV;11/12/2025;SI;SI;NO;NO;184,581;187,581;C/F CABINA
P240DZW;12/12/2025;SI;NO;NO;NO;92,675;95,675;C/F CABINA
P171JXH;12/12/2025;SI;SI;NO;NO;62,367;67,367;
P215LMJ;12/12/2025;SI;NO;NO;NO;111,150;114,150;
P365LJG;12/12/2025;SI;NO;NO;NO;144,831;147,831;
P319GHC;12/12/2025;SI;NO;NO;NO;289,485;292,485;
P509LFV;12/12/2025;NO;NO;NO;NO;NO;NO;FRENOS DELANT Y TRASEROS, RESCTIF DISCOS DELANT. Y TRASEROS
P448JXV;12/12/2025;SI;SI;NO T/A SI;SI;28,986;34,000;LAV DE MOTOR C/F CABINA
P062JZJ;12/12/2025;SI;SI;SI;NO;129,579;134,579;C/A CAJA AUTOM C/DIALISIS PROX/C 159,579, MEC VARIA ORDEN NO. 13903
P482GFG;13/12/2025;SI;SI;NO;NO;219,139;222,139;C/F CABINA
P660KRF;13/12/2025;SI;SI;SI;SI;13,960;18,960;C/F CABINA, LAVADO DE MOTOR
P825LGF;13/12/2025;NO;NO;NO;NO;186,958;196,958;C/A CAJA
C783BVC;13/12/2025;SI;NO;SI;SI;79,399;84,399;
P413KYG;13/12/2025;NO;NO;NO;NO;167,573;192,573;C/A CAJA AUTOMATICA CON DIALISIS
P543KLX;13/12/2025;SI;NO;NO;NO;140,600;143,600;C/A CAJA AUTO PROX/C 150,600
P914KKX;13/12/2025;SI;SI;NO;NO;162,961;165,961;C/F CABINA, C/A CAJA C/DIALISIS PROX 187,961
P664CXK;13/12/2025;SI;NO;NO;NO;208,259;211,259;
P140DTV;13/12/2025;NO;NO;NO;NO;NO;NO;C/2 AMORTIGUADORES TRASEROS, C/2 ESTABILIZADORAS
P112HMT;13/12/2025;SI;NO;NO;NO;153,330;155,330;FRENO ESTACIONAMIENTO, C/COJINETES DELANTEROS, C/CARGADOR DE CAJA
P922GLJ;15/12/2025;SI;NO;NO;NO;134,900;137,900;
P258GYF;15/12/2025;SI;SI;NO;SI;117,397;122,397;C/F CABINA
P132HRF;15/12/2025;SI;SI;NO;NO;143,801;146,801;
P775KSF;15/12/2025;SI;SI;NO;NO;176,842;179,842;
P276JTF;15/12/2025;SI;NO;NO;SI;105,956;110,956;
P153DMV;15/12/2025;NO;NO;NO;NO;263,129;273,129;C/A CAJA AUTOMATICA
P660KRF;15/12/2025;NO;NO;NO;NO;NO;NO;FRENOS DELANTEROS, RECTIF 2 DISCOS DELANTEROS, MANTENIMIENTO FRENOS TRASEROS
P484JRC;15/12/2025;SI;SI;NO;NO;158,350;161,350;
P909DZH;15/12/2025;SI;NO;NO;NO;114,027;117,027;C/A CAJA PROX/C 124,027
P510GMD;16/12/2025;SI;SI;NO;NO;156,640;159,640;
P110KLD;16/12/2025;NO;NO;NO;NO;128,871;138,871;C/A CAJA
P760DCW;16/12/2025;SI;NO;NO;NO;259,803;262,803;
P060JDJ;16/12/2025;SI;SI;SI;SI;81,077;86,077;C/F CABINA, C/A CAJA Y TRANSFER, C/A DIFERECIALES, LAVADO DE MOTOR
P077KYH;16/12/2025;SI;NO;NO;NO;191,921;194,921;MANTENIMIENTO FRENOS DELANT. Y TRASEROS
P358FNP;16/12/2025;SI;SI;SI;SI;366,692;371,692;C/F CABINA, C/A CAJA Y TRANSFER, C/A DIFERENCIALES
P597GNR;16/12/2025;SI;NO;NO;NO;122,148;125,148;
P887KJN;16/12/2025;SI;SI;NO;NO;195,832;200,832;C/F CABINA, C/A CAJA AUTOMATICA PROX/C 210,832
P837JFG;16/12/2025;SI;SI;SI;SI;105,380;110,380;C/F CABINA, MEC VARIA ORDEN NO. 13944
P970FMF;16/12/2025;SI;NO;NO;NO;165,654;168,654;LAVADO DE MOTOR, C/EMPAQUE VALVULAS, C/RETENEDOR CIGÜEÑAL
P234JGZ;17/12/2025;SI;NO;NO;NO;127,470;130,470;
P702JQR;17/12/2025;NO;NO;NO;NO;NO;NO;C/TENSOR Y FAJA
P111GLT;17/12/2025;SI;SI;SI;SI;104,233;109,233;C/F CABINA
P764FLF;17/12/2025;NO;NO;NO;NO;109,987;119,987;C/ACEITA CAJA AUTOMATICA
P493LLC;17/12/2025;SI;NO;NO;NO;146,473;149,473;C/A CAJA PROX/C 156,473
HAE1303;17/12/2025;SI;NO;NO;NO;103,466;108,466;
P976GTG;17/12/2025;NO;NO;NO;NO;120,642;135,642;C/ACEITE CAJA AUTOMATICA
P186JNM;17/12/2025;NO;NO;NO;NO;NO;NO;C/2 DISCOS TRASEROS, C/LIQUIDO FENO, MANTEN. 1 MORDAZA TRASERA
P418FWR;17/12/2025;NO;NO;NO;NO;NO;NO;RECTIF/2 DISCOS TRASEROS, FRENOS TRASEROS, C/COJINETE DE POLEA, C/2 MULETAS
P724CLW;17/12/2025;NO;NO;NO;NO;NO;NO;MEC. VARIA ORDEN NO, 13949
P228HTQ;17/12/2025;NO;NO;NO;NO;NO;NO;MEC VARIA ORDEN NO. 13946
P554JJD;17/12/2025;SI;NO;NO;NO;152,164;154,164;C/A CAJA PROX/C 162,164., C/SENSOR TPS, C/CREMALLERA DE DIRECCION
P664JJD;17/12/2025;SI;NO;NO;NO;110,404;113,404;C/DE MOTOR, PRUEBA DE ESTANQUEIDAD
P429KTD;18/12/2025;NO;NO;NO;NO;NO;NO;DIAGNOSTICO Y C/ALTERNADOR
P442GKK;18/12/2025;NO;NO;NO;NO;NO;NO;C/ Y APRENDIAZAJE DE PCM
P276GDP;18/12/2025;SI;SI;NO;NO;197,289;199,289;
P001FZS;18/12/2025;SI;NO;NO;NO;157,724;162,724;LAVADO DE MOTOR
P023KKR;18/12/2025;SI;SI;NO;SI;70,477;75,477;
P538HXB;18/12/2025;NO;NO;NO;NO;NO;NO;C/BUFA DELANTERA DERECHA
P234JGZ;18/12/2025;NO;NO;NO;NO;NO;NO;MANTENIMIENTO FRENOS DELANT Y TRASEROS, C/REFRIGERANTE
P973JRM;18/12/2025;NO;NO;NO;NO;NO;NO;RECTIF DISCOS Y TAMBORES, FRENOS DELANT Y TRASEROS
P693JXN;18/12/2025;NO;NO;NO;NO;NO;NO;DESMONTAJ Y MONTAJE PINES DE MORDAZA Y MANTENIM FRENOS TRASEROS
P976JXM;19/12/2025;SI;SI;NO;NO;119,926;122,926;
P011KWN;19/12/2025;NO;NO;NO;NO;117,961;127,961;C/A CAJA AUTOMATICA
P577KJD;19/12/2025;NO;NO;NO;NO;188,832;198,832;C/A CAJA AUTOMATICA
P083GTQ;19/12/2025;SI;SI;NO;NO;164,363;166,363;
P336HVY;19/12/2025;SI;NO;NO;NO;138,585;141,585;C/FAJA ACCESORIOS, MANTENIMIENTO FRENOS TRASEROS
P419LMF;19/12/2025;NO;NO;NO;NO;226,887;241,887;C/A CAJA AUTOMATICA
P965FMF;19/12/2025;SI;NO;NO;NO;139,922;141,922;
P600GQM;20/12/2025;SI;SI;SI;SI;83,685;88,685;C/F CABINA
P433KYG;20/12/2025;SI;NO;NO;NO;187,182;190,182;
P687JNM;20/12/2025;SI;SI;NO;NO;171,164;174,164;C/F CABINA
P569GBM;20/12/2025;NO;NO;NO;NO;NO;NO;C/BUFA TRASERA IZQUIERDA, C/BOMBA AUX. FRENOS Y TUBERIA DE FRENOS
P482GFG;20/12/2025;NO;NO;NO;NO;219,233;229,233;C/A CAJA AUTOMATICA
P849GXQ;20/12/2025;SI;NO;NO;NO;S/F;S/F;C/FRILTRO GASOLINA, C/CANDELAS
P363LMJ;20/12/2025;SI;NO;NO;NO;71,514;74,514;C/F CABINA C/A CAJA PROX/C 81,514. MEC VARIA ORDEN NO. 13980
P778LKG;22/12/2025;SI;SI;NO;SI;7,280;12,280;
P727DBR;22/12/2025;SI;NO;NO;NO;118,949;123,949;
P295HVY;22/12/2025;SI;NO;NO;NO;172,068;175,068;
P704JXN;22/12/2025;SI;NO;NO;SI;154,238;157,238;C/REFRIGERANTE
P826JQN;22/12/2025;SI;SI;NO;NO;211,079;214,079;
P569GBM;22/12/2025;NO;NO;NO;NO;NO;NO;C/COJINETE DELANT IZQ, C/BUSHING MULETAS DELANTERAS
P780KLW;22/12/2025;NO;NO;NO;NO;NO;NO;C/2 AMORTIGUADORES Y 2 BASES
P878JNL;22/12/2025;SI;NO;NO;NO;134,268;137,268;
P639GRC;23/12/2025;SI;SI;NO;NO;143,951;146,951;C/F CABINA
P664JXN;23/12/2025;SI;SI;NO;NO;188,230;193,230;LAVADO DE MOTOR
P594FSG;23/12/2025;SI;NO;NO;SI;82,339;87,339;
P122JRN;23/12/2025;SI;SI;SI;NO;56,692;61,692;C/F CABINA
P978JYW;23/12/2025;SI;SI;NO;NO;97,139;100,139;C/F CABINA, LAVADO DE MOTOR
P495LHY;23/12/2025;SI;SI;NO;NO;15,653;20,653;LAVADO DE MOTOR
P208HXY;23/12/2025;SI;NO;NO;NO;72,210;75,210;C/AMORTIGUADORES TRASEROS
P321KTD;23/12/2025;NO;NO;NO;NO;NO;NO;C/FAJA ACCESORIOS, C/ROTULA DELANT IZQUIERDA, C/ESPARRAGOS
P923LGX;23/12/2025;NO;NO;NO;NO;144,857;154,857;BALANCEO LLANTAS TRASERAS, C/A CAJA
P866HXS;23/12/2025;SI;NO;NO;NO;17,618;22,618;C/F CABINA
P510JZH;23/12/2025;SI;SI;SI T/A SI;SI;123,894;128,894;C/F CABINA
C757BVX;23/12/2025;SI;SI;NO;SI;85,954;90,954;
P669KBZ;23/12/2025;NO;NO;NO;NO;NO;NO;DIAGNOSTICO REPARACION DE FALLO DE MOTOR
P917KWD;26/12/2025;SI;NO;NO;NO;197,478;200,478;C/F CABINA, LAVADO DE MOTOR
P455JWF;26/12/2025;NO;NO;NO;NO;NO;NO;C/DE REFRIGERANTE
P867HXR;26/12/2025;SI;SI;NO;NO;165,709;168,709;C/F CABINA
C560BSN;26/12/2025;SI;SI;SI;SI;371,699;376,699;C/F CABINA
P988KGX;26/12/2025;SI;NO;NO;SI;70,086;75,086;
P973JRM;26/12/2025;SI;SI;NO;NO;63,901;68,901;
P741FCS;26/12/2025;SI;NO;NO;NO;148,012;153,012;
P774JRQ;26/12/2025;SI;SI;NO;NO;144,486;147,486;LAVADO DE MOTOR
P308DZZ;26/12/2025;SI;SI;NO;SI;293,788;295,788;LAVADO DE MOTOR
P131KJT;26/12/2025;SI;NO;NO;NO;144,439;147,439;FLUSHING
P504KTD;26/12/2025;SI;NO;NO;NO;152,263;155,263;C/ESTABILIZADORAS, INSTALACION ADAPTADORES SENSORES OXIGENO
P879JQQ;26/12/2025;SI;SI;NO;NO;138,763;143,763;
P776KND;26/12/2025;NO;NO;NO;NO;NO;NO;C/MULETA IZQUIERDA DELANTERA
P153DMV;27/12/2025;SI;NO;NO;NO;263,571;268,571;
P390DTP;27/12/2025;SI;NO;NO;NO;220,557;225,557;
P666KRX;27/12/2025;SI;NO;NO;NO;183,691;186,691;MANTENIMIENTO MORDAZAS DELANT, C/DE FAJA
P702JQR;27/12/2025;NO;NO;NO;NO;NO;NO;SCANER Y DIAGNOSTICO, C/TAPA VALVULAS
P715FVH;27/12/2025;SI;NO;SI T/A SI;SI;298,475;303,475;C/F CABINA, C/BOMBA CENTRAL Y AUX DE CLUTCH, LAVADO DE MOTOR
P065FRB;27/12/2025;NO;NO;NO;NO;NO;NO;C/CARGADOR DE MOTOR
